index,0
women,182
life,165
one,154
american,135
america,117
story,108
black,104
us,103
school,95
home,91
war,90
world,89
community,87
gay,87
struggle,85
industry,80
children,80
living,78
two,74
bronx,74
immigrants,74
future,73
harlem,72
young,72
care,71
behind,69
public,69
fight,68
system,67
education,66
love,65
united,65
street,65
lives,61
brooklyn,60
states,60
journey,59
family,59
business,58
death,58
schools,57
rise,56
changing,55
work,54
making,52
music,52
years,52
high,51
look,51
justice,51
battle,50
men,50
church,50
face,49
inside,49
culture,48
crisis,48
art,46
health,46
south,46
people,46
college,45
sex,45
immigrant,45
food,44
time,44
island,43
beyond,43
americas,43
last,43
state,43
generation,42
back,41
change,41
search,41
way,40
students,40
long,39
violence,39
cancer,39
aids,39
kids,39
modern,39
growing,38
east,38
dream,38
queens,38
place,37
muslim,37
age,37
stories,37
movement,37
americans,37
go,36
chinese,36
housing,36
little,36
still,35
prison,35
online,35
hope,35
mothers,34
away,34
drug,33
get,33
identity,33
old,33
law,32
homeless,32
female,32
see,32
asian,32
politics,32
transcript,31
marriage,31
finding,31
small,31
lost,31
middle,30
cultural,30
worlds,30
money,30
families,30
immigration,30
three,29
child,29
next,29
parents,29
like,29
free,29
basketball,29
breaking,29
find,29
fighting,28
country,28
media,28
social,28
dreams,28
asylum,28
court,27
girls,27
faith,27
catholic,27
fashion,27
dont,27
youth,27
urban,27
road,27
big,27
jews,26
muslims,26
man,26
become,26
coming,26
side,26
white,26
medical,26
survival,26
day,26
call,26
political,26
science,26
jewish,26
hiv,25
help,25
good,25
manhattan,25
first,25
crime,25
revolution,25
domestic,25
make,25
league,25
digital,25
military,25
game,25
fall,25
land,24
peace,24
take,24
yorkers,24
disorder,24
green,24
artists,24
problem,24
medicine,24
second,24
may,24
nyc,23
without,23
streets,23
market,23
invisible,23
woman,23
internet,23
center,23
documentary,23
debate,22
abuse,22
radio,22
success,22
workers,22
alternative,22
among,22
fear,22
quest,22
womans,22
program,22
going,22
class,22
hidden,21
veterans,21
return,21
end,21
foster,21
rights,21
islam,21
left,21
working,21
transgender,21
struggles,20
better,20
technology,20
getting,20
right,20
wall,20
tradition,20
criminal,20
communities,20
addiction,20
orthodox,20
human,20
west,20
jazz,20
goes,19
womens,19
silence,19
power,19
great,19
door,19
north,19
welfare,19
teens,19
african,19
broken,19
professional,19
911,19
building,19
bars,19
forgotten,19
god,19
therapy,18
eating,18
open,18
treatment,18
indian,18
neighborhood,18
save,18
comedy,18
struggling,18
matter,18
autism,18
arts,18
film,18
century,18
team,18
many,18
former,18
illegal,18
safe,18
whats,18
roots,18
dating,18
experience,18
sexual,18
access,18
best,18
survivors,17
legacy,17
local,17
economic,17
learning,17
tough,17
adoption,17
leaving,17
epidemic,17
history,17
challenges,17
laws,17
chinatown,17
red,17
could,17
want,17
line,17
exile,17
blue,17
real,17
cost,17
syndrome,17
price,17
fire,17
doctors,17
underground,17
shadow,16
times,16
mission,16
jersey,16
private,16
reality,16
four,16
town,16
couples,16
house,16
news,16
gender,16
scene,16
nation,16
religion,16
lower,16
live,16
faces,16
wars,16
race,16
heights,16
trade,16
brain,16
programs,16
gap,16
became,16
dying,15
ill,15
surviving,15
running,15
party,15
web,15
hudson,15
profile,15
dead,15
keeping,15
21st,15
mental,15
decline,15
comes,15
silent,15
playing,15
teen,15
undocumented,15
gun,15
year,15
secret,15
rock,15
stay,15
together,15
soccer,15
hiphop,15
nations,15
point,14
rising,14
model,14
mans,14
samesex,14
sandy,14
season,14
heroin,14
park,14
la,14
poor,14
air,14
breast,14
play,14
international,14
sons,14
trying,14
journalism,14
fresh,14
minority,14
avenue,14
diaspora,14
government,14
voices,14
chance,14
vs,14
later,14
mexican,14
suicide,14
district,14
police,14
past,14
welcome,14
national,14
refugees,14
ever,14
third,14
need,14
losing,14
ground,14
lack,14
waiting,14
really,14
doctor,14
break,13
department,13
seeking,13
activism,13
fathers,13
cant,13
holocaust,13
raising,13
gone,13
foreign,13
mentally,13
saving,13
turn,13
mind,13
mother,13
risk,13
birth,13
patients,13
changes,13
eyes,13
russian,13
murder,13
step,13
outside,13
facing,13
ready,13
dance,13
field,13
searching,13
tale,13
transition,13
journalists,13
single,13
healing,13
come,13
baby,12
mexicans,12
male,12
latino,12
disorders,12
taking,12
korean,12
reform,12
major,12
makes,12
club,12
musicians,12
courts,12
drugs,12
11,12
color,12
renaissance,12
independent,12
looking,12
clean,12
something,12
selling,12
washington,12
service,12
bad,12
freedom,12
native,12
elderly,12
central,12
seekers,12
missing,12
case,12
civil,12
helping,12
soldiers,12
becoming,12
university,12
impact,12
talk,12
keep,12
labor,12
never,12
hockey,12
stress,12
economy,12
boys,12
subway,12
egg,12
books,12
sports,12
blind,12
learn,11
cure,11
beauty,11
room,11
conflict,11
pain,11
oil,11
meet,11
eastern,11
fights,11
star,11
torture,11
gentrification,11
legal,11
light,11
activists,11
teenage,11
press,11
leave,11
made,11
ethnic,11
days,11
penalty,11
farm,11
irish,11
path,11
disease,11
space,11
within,11
loss,11
choice,11
video,11
prisons,11
deal,11
theater,11
deportation,11
student,11
aging,11
football,11
victims,11
dirty,11
survive,11
television,11
nypd,11
bear,11
job,11
hate,11
language,11
book,11
disabled,11
dancing,11
crimes,11
divided,10
teenagers,10
groups,10
less,10
development,10
shelter,10
experiment,10
illness,10
number,10
era,10
manhattans,10
yet,10
policy,10
corporate,10
theres,10
marriages,10
farmers,10
homelessness,10
coney,10
climate,10
group,10
another,10
japanese,10
services,10
soldier,10
surgery,10
largest,10
solution,10
becomes,10
costs,10
gays,10
village,10
bring,10
incarceration,10
around,10
influence,10
union,10
marketing,10
even,10
childrens,10
portrait,10
gang,10
dominican,10
failed,10
hair,10
john,10
entrepreneurs,10
daughters,10
security,10
fish,10
iraq,10
grows,10
odds,10
efforts,10
truth,10
familys,10
use,10
water,9
stand,9
opera,9
abortion,9
growth,9
company,9
tell,9
dog,9
office,9
staten,9
test,9
king,9
today,9
racing,9
blood,9
found,9
rules,9
childhood,9
boom,9
brothers,9
older,9
turning,9
columbia,9
million,9
gotham,9
wrong,9
society,9
greenpoint,9
far,9
different,9
stop,9
athletes,9
always,9
rebirth,9
act,9
democracy,9
china,9
harlems,9
barriers,9
hard,9
fans,9
ivy,9
benefits,9
know,9
gambling,9
profiles,9
exploring,9
challenge,9
bringing,9
walls,9
heart,9
forever,9
whos,9
didnt,9
hot,9
natural,9
standup,9
christian,9
station,9
centers,9
mainstream,9
africanamerican,9
museum,9
poetry,9
corner,9
companies,9
doesnt,9
pregnancy,9
evolution,9
federal,9
part,9
toward,9
hip,9
takes,9
role,9
recession,9
voice,9
juvenile,9
gets,9
girl,9
funding,9
jamaica,9
failure,9
approach,9
caught,9
parks,9
happens,9
gowanus,8
apple,8
clubs,8
machine,8
seek,8
afghan,8
ball,8
controversy,8
five,8
boxing,8
citizen,8
surveillance,8
strangers,8
problems,8
pulling,8
corps,8
arab,8
newest,8
march,8
say,8
closed,8
israel,8
healthcare,8
population,8
trauma,8
tomorrows,8
build,8
winter,8
curtain,8
gods,8
classroom,8
escaping,8
survived,8
limbo,8
record,8
disabilities,8
forward,8
giving,8
relationships,8
games,8
minds,8
battles,8
romance,8
strive,8
baseball,8
writers,8
square,8
moms,8
charter,8
dollars,8
incarcerated,8
die,8
affordable,8
storm,8
writing,8
members,8
son,8
detention,8
recognition,8
queen,8
kings,8
lgbt,8
activist,8
double,8
affects,8
across,8
body,8
revisited,8
pill,8
palestinian,8
beach,8
emergence,8
try,8
latin,8
redefining,8
churches,8
brooklyns,8
tv,8
battered,8
unlikely,8
mosque,8
rebuilding,8
effects,8
todays,8
trouble,8
protect,8
project,8
higher,8
experiences,8
campaign,8
financial,8
hands,8
father,8
religious,8
plan,8
usa,8
donation,8
longer,8
decades,8
despite,8
testing,8
alone,8
environmental,8
performance,8
finds,8
burden,8
kills,8
trust,7
adult,7
issue,7
quiet,7
waters,7
coping,7
criminals,7
kid,7
gray,7
style,7
much,7
depression,7
worker,7
atlantic,7
garbage,7
dogs,7
sale,7
fate,7
bilingual,7
card,7
since,7
promises,7
career,7
mayor,7
wedding,7
biological,7
trash,7
contemporary,7
yellow,7
mystery,7
opening,7
posttraumatic,7
english,7
effect,7
pay,7
equal,7
process,7
hook,7
box,7
traumatic,7
harassment,7
exploration,7
give,7
bank,7
special,7
mr,7
rent,7
support,7
awareness,7
waterfront,7
harm,7
slow,7
gangs,7
choices,7
mixed,7
millennials,7
balance,7
creative,7
diabetes,7
25,7
trials,7
sugar,7
move,7
jesus,7
divide,7
40,7
late,7
senior,7
sport,7
question,7
win,7
uncertain,7
wave,7
broadway,7
ballet,7
following,7
fraud,7
thing,7
sea,7
relief,7
killing,7
please,7
seniors,7
homes,7
queer,7
confront,7
anatomy,7
islamic,7
vote,7
spectrum,7
musical,7
consequences,7
waste,7
st,7
train,7
canal,7
eat,7
hospitals,7
computer,7
africa,7
happened,7
marijuana,7
virtual,7
neighborhoods,7
meets,7
williamsburg,7
beneath,7
hasidic,7
academy,7
mount,7
cycle,7
friends,7
kind,7
el,7
hospital,7
babies,7
zero,7
beat,7
creating,7
terrorism,7
combat,7
denied,7
journeys,7
called,7
apart,7
racial,7
rare,7
comic,7
treating,7
neighbors,7
hollywood,7
yoga,7
river,7
difference,7
safety,7
adults,7
global,7
close,6
latina,6
thats,6
v,6
russia,6
funeral,6
generations,6
daddy,6
terror,6
cell,6
kitchen,6
tree,6
punishment,6
fat,6
neither,6
dancers,6
newspaper,6
rethinking,6
stars,6
racism,6
bicycle,6
choosing,6
paths,6
asthma,6
study,6
promise,6
lessons,6
broadcast,6
brewing,6
organic,6
witness,6
acceptance,6
athlete,6
helps,6
took,6
cuts,6
pregnant,6
audience,6
graffiti,6
crack,6
closet,6
drain,6
talking,6
animal,6
dr,6
hurricane,6
burlesque,6
greek,6
plight,6
warriors,6
bay,6
popular,6
months,6
gifted,6
alzheimers,6
early,6
candidates,6
priests,6
sept,6
formerly,6
interfaith,6
exoneration,6
abandoned,6
worth,6
wait,6
ghosts,6
adventures,6
bullying,6
turned,6
issues,6
mexico,6
skin,6
beautiful,6
pets,6
elite,6
bling,6
unknown,6
lesbian,6
start,6
delivery,6
final,6
connection,6
abroad,6
wont,6
drivers,6
ladder,6
fleeing,6
teaching,6
spanish,6
falling,6
aid,6
entertainment,6
dangerous,6
traditional,6
guns,6
liberty,6
cause,6
hispanic,6
rehabilitation,6
businesses,6
embrace,6
shop,6
veil,6
hurt,6
wants,6
exchange,6
deaths,6
hall,6
ride,6
bearing,6
startup,6
troubled,6
buy,6
fails,6
brings,6
control,6
campuses,6
liar,6
crazy,6
offer,6
chronic,6
aftermath,6
enough,6
chasing,6
bike,6
recovery,6
30,6
residents,6
dilemma,6
nowhere,6
ones,6
campus,6
common,6
iranian,6
learned,6
shot,6
understanding,6
israeli,6
treat,6
navigating,6
architecture,6
heritage,6
eye,6
veteran,6
progress,6
trafficking,6
distance,6
korea,6
tries,6
un,6
indie,6
reach,6
primary,6
post,6
word,6
easy,6
nature,6
feel,6
tales,6
anyone,6
citizens,6
afghanistan,6
successful,6
falls,6
pursuit,6
image,6
edge,6
patient,6
president,6
isnt,6
show,6
relationship,6
officers,6
means,6
wild,6
migration,6
hand,6
theyre,6
post911,6
doors,6
officials,6
disaster,6
happiness,6
bridging,6
innercity,6
raise,6
plant,6
poverty,6
research,6
forced,6
vendors,6
roll,6
celebrity,6
lottery,6
ii,6
motherhood,6
dark,6
golden,6
biggest,6
mott,6
army,6
fast,6
dad,5
classical,5
mass,5
decision,5
stage,5
ancient,5
straight,5
perfect,5
n,5
lights,5
shall,5
regulation,5
journalist,5
lead,5
tourism,5
shes,5
block,5
modernday,5
africanamericans,5
clashes,5
deadly,5
landscape,5
force,5
rap,5
fix,5
heaven,5
economics,5
moment,5
ten,5
redefine,5
multiple,5
obesity,5
action,5
funny,5
bush,5
altar,5
palliative,5
diamond,5
soul,5
initiative,5
catch,5
remains,5
would,5
madness,5
memorial,5
players,5
everyone,5
brought,5
link,5
20,5
training,5
prostitution,5
chinas,5
backs,5
nuclear,5
got,5
area,5
cops,5
breaks,5
unfinished,5
arabamerican,5
lets,5
alternatives,5
vaccine,5
interrupted,5
administration,5
cool,5
personal,5
blues,5
aint,5
reading,5
killer,5
tibetan,5
soccers,5
lunch,5
careers,5
fiction,5
wanted,5
emerging,5
crown,5
christmas,5
enemy,5
lincoln,5
flight,5
arranged,5
ice,5
motion,5
daniel,5
separate,5
recruiting,5
hijab,5
x,5
tax,5
syrian,5
trend,5
kill,5
lawyers,5
inmates,5
overcoming,5
earth,5
magic,5
nan,5
agency,5
born,5
prisoners,5
wine,5
uneasy,5
filipino,5
front,5
spotlight,5
low,5
lady,5
connecticut,5
lawyer,5
grade,5
closing,5
houses,5
ending,5
type,5
olympic,5
serious,5
tragedy,5
deferred,5
nypds,5
insurance,5
prescription,5
fund,5
finally,5
passage,5
create,5
came,5
offenders,5
garment,5
trial,5
refugee,5
succeed,5
sisters,5
beginning,5
guatemala,5
camera,5
reflect,5
using,5
brown,5
reclaiming,5
sides,5
violent,5
player,5
alive,5
mormon,5
heroes,5
sounds,5
sanctuary,5
shooting,5
puzzle,5
hood,5
rikers,5
twitter,5
looks,5
might,5
shelters,5
lines,5
republican,5
response,5
transform,5
chaplains,5
presidential,5
questions,5
defining,5
true,5
methadone,5
islands,5
trans,5
choose,5
leaves,5
vision,5
rates,5
practice,5
compulsive,5
teach,5
conundrum,5
investigation,5
head,5
belong,5
poker,5
complex,5
models,5
mom,5
tech,5
view,5
disability,5
normal,5
hunger,5
policies,5
harbor,5
nfl,5
write,5
competition,5
hit,5
starving,5
interracial,5
ugly,5
bill,5
turns,5
lonely,5
sometimes,5
works,5
weighing,5
weight,5
affair,5
suffering,5
corruption,5
universitys,5
boy,5
pollution,5
maine,5
heard,5
workplace,5
tigers,5
subculture,5
along,5
humor,5
short,5
ring,5
prayer,5
putting,5
sleeping,5
cope,5
gold,5
dump,5
demise,5
shattered,5
memories,5
revival,5
hold,5
hits,5
scientists,5
leaders,5
inc,5
nuns,5
knowledge,5
needle,5
youre,5
passion,5
vietnam,5
went,5
allergies,5
hunts,5
rule,5
cry,5
pushing,5
princess,4
paper,4
kindergarten,4
staying,4
forget,4
unwanted,4
miss,4
diagnosis,4
crossing,4
critics,4
reduction,4
dialogue,4
rockaway,4
monks,4
words,4
resurgence,4
pet,4
met,4
grace,4
present,4
yankee,4
citizenship,4
addicted,4
communitys,4
milk,4
recycling,4
legalization,4
shadows,4
accidental,4
spreading,4
plastic,4
dynamics,4
alley,4
angels,4
maritime,4
attention,4
notes,4
sanctions,4
parole,4
saints,4
fading,4
fine,4
inequality,4
large,4
shark,4
twist,4
said,4
basic,4
guide,4
sweat,4
folk,4
scientific,4
classrooms,4
bone,4
rivers,4
complicated,4
spiritual,4
visa,4
controversial,4
reviving,4
offender,4
congress,4
table,4
nationwide,4
swimming,4
90,4
skate,4
changed,4
tests,4
employees,4
glory,4
blacks,4
obsession,4
cash,4
pending,4
criticism,4
ny,4
gloves,4
supporters,4
stakes,4
exiled,4
nonprofit,4
general,4
philly,4
intelligence,4
needs,4
restaurant,4
fired,4
prophets,4
ballroom,4
literary,4
collegiate,4
defense,4
worse,4
poisoning,4
magazine,4
polo,4
sell,4
burma,4
september,4
regulators,4
page,4
report,4
futures,4
advertising,4
psychological,4
newspapers,4
eight,4
david,4
hop,4
net,4
holy,4
murdered,4
breath,4
governments,4
remember,4
empire,4
walk,4
finance,4
speak,4
inner,4
artist,4
untitled,4
join,4
gaps,4
flushing,4
adolescents,4
interpreters,4
cab,4
wheel,4
ireland,4
endangered,4
congressional,4
hops,4
circus,4
unique,4
teacher,4
testimony,4
tunnel,4
label,4
genital,4
souls,4
decade,4
giant,4
anymore,4
torn,4
set,4
havana,4
sweatshops,4
unite,4
counting,4
night,4
studies,4
responsibility,4
wrestling,4
bands,4
lies,4
admissions,4
auto,4
difficult,4
pilot,4
towards,4
information,4
stuck,4
hindu,4
pills,4
data,4
sister,4
untold,4
wives,4
spirituality,4
measuring,4
nobody,4
european,4
ticket,4
comedians,4
steinway,4
plays,4
blocks,4
genetic,4
grandparents,4
wounds,4
mountains,4
expectations,4
locked,4
lie,4
latest,4
driving,4
bond,4
daily,4
skip,4
bagel,4
hopes,4
values,4
upper,4
percent,4
policing,4
martial,4
analysis,4
designing,4
debt,4
recipients,4
fold,4
turf,4
independence,4
hotel,4
credit,4
ethics,4
saint,4
thin,4
roosevelt,4
captive,4
betting,4
republicans,4
danger,4
caring,4
hug,4
suburban,4
mean,4
serving,4
battling,4
2004,4
homeland,4
theatre,4
trail,4
quality,4
sudan,4
telling,4
restaurants,4
built,4
startups,4
owners,4
nigerian,4
victoria,4
reborn,4
matters,4
evangelical,4
bmx,4
cosmetic,4
conservation,4
clock,4
jail,4
watch,4
unit,4
gym,4
used,4
cracks,4
person,4
glass,4
transracial,4
cyber,4
chelsea,4
pop,4
soviet,4
assault,4
plain,4
every,4
summer,4
prosecutors,4
opportunity,4
misunderstood,4
academic,4
asians,4
attempt,4
feet,4
laugh,4
put,4
friend,4
autistic,4
stuff,4
strategy,4
brownsville,4
moving,4
busy,4
smokescreen,4
poorest,4
dads,4
thrive,4
luxury,4
eggs,4
phenomenon,4
craving,4
key,4
george,4
medias,4
bail,4
transit,4
asking,4
done,4
beats,4
texas,4
2000,4
mark,4
emergency,4
aisle,4
consumers,4
heal,4
let,4
borders,4
sky,4
causes,4
managing,4
b,4
continues,4
epic,4
top,4
spending,4
banking,4
modeling,4
camp,4
stonewall,4
avoid,4
band,4
piano,4
oversight,4
farming,4
vernon,4
courtship,4
reinventing,4
internets,4
youths,4
focusing,4
coal,4
discrimination,4
ghost,4
garden,4
nycs,4
profit,4
shows,4
hopeful,4
source,4
adoptees,4
conflicts,4
spirits,4
mistrust,4
heavy,4
extraterrestrial,4
paradigm,4
robert,4
whose,4
taboo,4
seen,4
disillusion,4
phone,4
sufism,4
conscience,4
countries,4
breed,4
judaism,4
departments,4
ghanaian,4
iran,4
council,4
pakistan,4
order,4
leading,4
speech,4
site,4
hardship,4
searches,4
dna,4
buying,4
roof,4
define,4
refuge,4
stem,4
realities,4
diverse,4
witches,4
wealth,4
match,3
representation,3
cyberspace,3
dissident,3
collapse,3
protection,3
answers,3
sierra,3
clutter,3
respect,3
rockefeller,3
divine,3
workfare,3
boxers,3
ivory,3
innocent,3
bitter,3
latinos,3
reclaim,3
ropes,3
soars,3
landmark,3
amid,3
secular,3
millennium,3
value,3
peoples,3
adoptive,3
dangers,3
universal,3
slaves,3
marching,3
teams,3
catholicism,3
redevelopment,3
devout,3
authority,3
trap,3
hispanics,3
adventure,3
siege,3
districts,3
unseen,3
coverage,3
poland,3
sexuality,3
forty,3
backyard,3
fever,3
cheating,3
cut,3
slavery,3
isolated,3
mary,3
latinas,3
disconnect,3
gamblers,3
foreclosure,3
unpaid,3
newark,3
cuba,3
share,3
stolen,3
collection,3
feminist,3
al,3
stillness,3
possible,3
jungle,3
artistic,3
solar,3
integration,3
feminists,3
budget,3
strike,3
whole,3
redemption,3
eddie,3
saga,3
foot,3
descent,3
indians,3
carrot,3
naked,3
actors,3
failures,3
conspiracy,3
teaches,3
ceiling,3
syria,3
think,3
trapped,3
forces,3
twice,3
grandmothers,3
landlords,3
felony,3
bullet,3
tower,3
evolving,3
elementary,3
ruin,3
moderate,3
shocked,3
organization,3
bisexual,3
pretty,3
90s,3
hoardhouse,3
croton,3
10,3
tears,3
registry,3
dollar,3
surge,3
va,3
predicting,3
shades,3
reporters,3
managed,3
rebel,3
designer,3
task,3
chemical,3
reverse,3
ship,3
respond,3
jobs,3
hunters,3
acting,3
literacy,3
winds,3
2009,3
goodbye,3
pen,3
rage,3
simple,3
fdny,3
panic,3
rabbit,3
hearts,3
palace,3
fashions,3
started,3
addicts,3
sending,3
energy,3
killed,3
trump,3
allowed,3
jury,3
paradise,3
promised,3
liberian,3
herbal,3
develop,3
rabbi,3
battleground,3
hearing,3
boarder,3
hype,3
spouses,3
paid,3
homeschooling,3
colleges,3
longterm,3
diamonds,3
transformation,3
chain,3
design,3
drag,3
alcoholism,3
treatments,3
downtown,3
profession,3
grads,3
hepatitis,3
throwaway,3
deep,3
prevention,3
squatters,3
ecstasy,3
tool,3
occupy,3
smart,3
tango,3
seriously,3
interest,3
signals,3
dough,3
mountain,3
gridiron,3
actor,3
resistance,3
row,3
nursing,3
indepth,3
lubavitch,3
valley,3
plague,3
pot,3
disrupted,3
stopandfrisk,3
code,3
arent,3
provide,3
survives,3
responding,3
pipeline,3
humans,3
ballot,3
lucky,3
newsroom,3
firefighters,3
sibling,3
vanity,3
clergy,3
hoboken,3
intervention,3
11th,3
tiananmen,3
sisterhood,3
signs,3
industrys,3
pastor,3
controversies,3
firms,3
educating,3
panther,3
rhythm,3
gong,3
separation,3
graduates,3
redux,3
reaching,3
operas,3
infected,3
silicon,3
2010,3
niche,3
weapon,3
planning,3
chances,3
bones,3
song,3
allow,3
africans,3
mysterious,3
capital,3
zone,3
orthodoxy,3
noise,3
3rd,3
radioactive,3
goal,3
seven,3
legend,3
store,3
reveals,3
instagram,3
medicaid,3
reflections,3
maternity,3
boats,3
shaping,3
fishing,3
spoken,3
explosion,3
symbol,3
indigenous,3
management,3
ivf,3
sludge,3
thrives,3
drink,3
im,3
christ,3
hunt,3
colors,3
restoring,3
malpractice,3
dies,3
judicial,3
orleans,3
ministry,3
teachers,3
attorney,3
almost,3
mall,3
entrepreneurship,3
f,3
warrior,3
bedstuy,3
pray,3
six,3
flying,3
pantries,3
bias,3
tide,3
investment,3
bellevue,3
fertility,3
reasons,3
perspective,3
production,3
allah,3
multimedia,3
tolerance,3
diplomacy,3
overseas,3
push,3
though,3
fair,3
infamy,3
networking,3
religions,3
threatening,3
says,3
diy,3
pick,3
sacrifice,3
strength,3
fruit,3
fitness,3
converts,3
library,3
labels,3
falun,3
leagues,3
affect,3
pediatric,3
everything,3
feminism,3
unanswered,3
agony,3
frozen,3
destiny,3
roman,3
revitalization,3
injustice,3
mtv,3
philadelphia,3
construction,3
jerseys,3
converting,3
steroids,3
transnational,3
shrinking,3
admission,3
rescue,3
votes,3
reich,3
remain,3
judge,3
tougher,3
conservatives,3
16,3
grieving,3
fringe,3
kitchens,3
fields,3
musician,3
theaters,3
bowery,3
versus,3
minor,3
somewhere,3
depends,3
plants,3
unsafe,3
womanhood,3
lobby,3
photography,3
iraqi,3
else,3
tea,3
fastest,3
satellite,3
considers,3
fatherhood,3
evangelicals,3
adopted,3
fly,3
guy,3
characters,3
countrys,3
palestine,3
meeting,3
consumption,3
grow,3
touch,3
freelance,3
port,3
lesbians,3
impossible,3
borough,3
10000,3
strange,3
italian,3
trained,3
burgeoning,3
stearns,3
opposition,3
lab,3
lebanese,3
speaks,3
half,3
fit,3
porn,3
prove,3
rebound,3
en,3
spill,3
reshaping,3
ways,3
bid,3
julio,3
continue,3
steps,3
prep,3
cities,3
activity,3
amidst,3
potters,3
pastime,3
inmate,3
fatal,3
stardom,3
studio,3
democratic,3
riding,3
healers,3
novel,3
teamsters,3
hanging,3
leader,3
tiny,3
2014,3
subways,3
places,3
detection,3
cult,3
jackson,3
bipolar,3
footstompingcivil,3
cars,3
offers,3
lure,3
childs,3
sake,3
average,3
blame,3
psychotherapy,3
relations,3
brighton,3
markets,3
connections,3
stick,3
christianity,3
airline,3
billion,3
told,3
planting,3
catholics,3
ideas,3
drives,3
defendants,3
stereotypes,3
rob,3
warming,3
friendship,3
monster,3
current,3
parental,3
sharing,3
overdose,3
enemies,3
midwives,3
homosexuality,3
mystique,3
fun,3
hole,3
navigate,3
openly,3
equality,3
televisions,3
bet,3
unaccompanied,3
educated,3
genes,3
privatization,3
williams,3
tools,3
oud,3
nice,3
8th,3
otb,3
guard,3
airwaves,3
mysteries,3
reporting,3
politicians,3
1990s,3
shelf,3
whether,3
fatigue,3
smith,3
must,3
barrier,3
boss,3
units,3
examining,3
well,3
stigma,3
salons,3
regulations,3
failing,3
stadium,3
profits,3
sclerosis,3
stepping,3
cart,3
282,3
embraced,3
conservative,3
ladies,3
necessary,3
oldest,3
2012,3
piece,3
paradox,3
hooky,3
michael,3
taken,3
often,3
anxiety,3
kelly,3
verge,3
standards,3
wearing,3
messengers,3
bankers,3
visual,3
sacred,3
exgay,3
conversion,3
bloggers,3
species,3
smoke,3
prepares,3
financing,3
network,3
deals,3
subsidized,3
formula,3
bought,3
intermarriage,3
app,3
mecca,3
100,3
collide,3
election,3
jim,3
toxic,3
mine,3
things,3
affected,3
recruit,3
radical,3
returning,3
deaf,3
sweet,3
privacy,3
size,3
nomads,3
serve,3
branding,3
aides,3
varsity,3
estate,3
rocky,3
mercy,3
evidence,3
opportunities,3
atrisk,3
hostos,3
tour,3
nba,3
print,3
virgin,3
yiddish,3
memory,3
boogity,3
commodity,3
ashes,3
jehovahs,3
meditation,3
increase,3
apply,3
businessmen,3
cluster,3
ban,3
vets,3
letter,3
secrets,3
enforcement,3
till,3
banks,3
fountain,3
hats,3
developing,3
squat,3
counseling,3
saved,3
zoo,3
theft,3
damage,3
animals,3
electronic,3
graduate,3
partner,3
closure,3
ferry,3
neglected,3
stepchildren,3
renewal,3
wildlife,3
rises,3
guides,3
known,3
depths,3
exit,3
glamour,3
rooms,3
travel,3
dieting,3
perspectives,3
publishing,3
c,3
engine,3
car,3
income,3
mutilation,3
binational,3
boat,3
nannies,3
cashing,3
canvas,3
gain,3
fifteen,3
jack,3
bridge,3
fought,3
unfair,3
grandchildren,3
richard,3
terrorist,3
athletics,3
dragon,3
1960s,3
reckoning,3
seeks,3
sri,3
101,3
based,3
check,3
genius,3
readers,3
extreme,3
lion,3
albanian,3
uninsured,3
ronald,3
threat,3
wages,3
differences,3
merger,3
opioid,3
athletic,3
protest,3
rape,3
hungry,3
dissidents,3
preserving,3
competitive,3
christopher,3
figures,3
priesthood,3
wake,3
county,3
diplomats,3
pageant,3
believe,3
khalil,2
limits,2
radiation,2
storytelling,2
hijacking,2
lawsuit,2
explaining,2
cuisine,2
undue,2
dol,2
vatican,2
streaming,2
basement,2
dirt,2
due,2
prosecutions,2
reentering,2
perils,2
shut,2
royal,2
assistants,2
knocking,2
naval,2
sentences,2
chineseamerican,2
postpartum,2
winters,2
youtube,2
persecution,2
tenth,2
jumping,2
orchestra,2
extemporaneous,2
boarding,2
misdemeanor,2
blvd,2
manny,2
rican,2
leash,2
races,2
dentistry,2
frank,2
volunteers,2
curriculum,2
lock,2
illegally,2
wins,2
innovation,2
sect,2
bookstores,2
pieces,2
circles,2
lived,2
shipping,2
odyssey,2
uphill,2
rehab,2
origin,2
sense,2
threatened,2
treated,2
rough,2
playboy,2
trainer,2
acquisition,2
sleeps,2
engagement,2
nascar,2
picture,2
apparel,2
norman,2
godfather,2
jones,2
peers,2
shipyards,2
rocks,2
problematic,2
leased,2
southern,2
flies,2
pale,2
survivor,2
heightened,2
kidnapping,2
haitian,2
historic,2
toughest,2
commercialization,2
adulthood,2
sent,2
adjusting,2
sphere,2
senegalese,2
hoop,2
damned,2
nostalgia,2
tribulations,2
laborers,2
leveling,2
neil,2
schissel,2
bastard,2
daughter,2
limelight,2
23,2
dc,2
advocate,2
ramapough,2
enter,2
meadowlands,2
acquired,2
earl,2
expand,2
sign,2
abusers,2
dear,2
begin,2
messianic,2
addictive,2
customs,2
hackers,2
occupancies,2
ï½,2
mastershustlers,2
upended,2
mystical,2
toll,2
hartman,2
breadwinners,2
presents,2
consciousness,2
bass,2
flees,2
signal,2
translation,2
toy,2
johns,2
russians,2
perpetual,2
dressing,2
agent,2
grant,2
colombians,2
sexed,2
ageold,2
colombian,2
empowerment,2
capture,2
brazilian,2
composer,2
event,2
lunchrooms,2
california,2
mexicanstyle,2
grants,2
sight,2
castros,2
scarlet,2
minorities,2
parties,2
sleep,2
lending,2
organizing,2
ukrainian,2
inspiration,2
cuddlr,2
improvement,2
domain,2
prosopagnosia,2
troupes,2
lose,2
pace,2
jewishmuslim,2
ethical,2
arizona,2
bloc,2
deficit,2
miami,2
explorers,2
manufacturer,2
militarys,2
intentions,2
persistent,2
20th,2
vibrations,2
basketballs,2
transportation,2
pitch,2
obama,2
advantage,2
helped,2
deciding,2
association,2
friars,2
hillary,2
implant,2
settlements,2
status,2
flushings,2
devoted,2
mirror,2
decoding,2
thief,2
cross,2
sink,2
younger,2
competing,2
quicker,2
documenting,2
dutch,2
prenatal,2
playwright,2
recent,2
orange,2
hurdles,2
hindus,2
daddys,2
possibilities,2
apples,2
contaminated,2
skills,2
andrew,2
lifes,2
dairy,2
hells,2
tibetans,2
w,2
punishing,2
reopen,2
operation,2
downfall,2
piscataway,2
guiding,2
yenta,2
hour,2
oneway,2
harvard,2
murders,2
confessions,2
skaters,2
medium,2
interpreting,2
grassroots,2
somebody,2
darfur,2
longform,2
slave,2
polish,2
ownership,2
employing,2
anyway,2
regained,2
lowincome,2
farewell,2
candy,2
wind,2
compete,2
ron,2
belief,2
statistics,2
taste,2
thinks,2
cement,2
defenders,2
shidduch,2
taught,2
marginalized,2
heartbreak,2
daytime,2
cochlear,2
traditions,2
stalled,2
endured,2
actually,2
rebels,2
valor,2
throughout,2
murderer,2
implants,2
technological,2
egyptian,2
peddling,2
crossroads,2
knights,2
workforce,2
gstrings,2
regime,2
scam,2
ports,2
sikha,2
gratefully,2
prostitute,2
ordinary,2
diane,2
condition,2
2003,2
layers,2
proposed,2
systems,2
gooners,2
rebbe,2
uncovering,2
bryan,2
embracing,2
reservation,2
bushwick,2
shell,2
novels,2
bird,2
conventional,2
voting,2
trip,2
bite,2
picklers,2
scars,2
claims,2
prolife,2
commit,2
successes,2
tenant,2
contract,2
thread,2
mohawks,2
frown,2
radar,2
woes,2
standard,2
languages,2
starting,2
peddlers,2
warm,2
secondgeneration,2
rift,2
appeal,2
digging,2
inspired,2
oldfashioned,2
increasingly,2
sewers,2
review,2
widows,2
smuggling,2
heads,2
resume,2
1998,2
sailing,2
gop,2
sissies,2
eminent,2
upon,2
lucha,2
pains,2
comeback,2
sufi,2
unraveling,2
fallout,2
dare,2
ignore,2
launching,2
belmont,2
reluctant,2
attitude,2
crop,2
distant,2
division,2
safely,2
ski,2
severe,2
riot,2
losers,2
christians,2
fusion,2
disparities,2
pull,2
journeyman,2
happen,2
gypsies,2
crusade,2
junk,2
paparazzi,2
sweeping,2
interests,2
ask,2
fda,2
audiences,2
conversions,2
intellectual,2
locker,2
tabloid,2
partners,2
boycott,2
declining,2
faithful,2
redlight,2
talks,2
booming,2
runaway,2
environment,2
nun,2
weigh,2
bergen,2
dinner,2
2005,2
solidarity,2
masses,2
outsider,2
polyamory,2
assistance,2
catastrophic,2
unable,2
funds,2
skies,2
increased,2
affecting,2
adderall,2
tao,2
reads,2
forest,2
harp,2
idealist,2
creation,2
buddhist,2
elephant,2
acts,2
fort,2
hunting,2
prostitutes,2
sends,2
elsewhere,2
stuffed,2
knifestyle,2
franciscan,2
pass,2
cracking,2
near,2
factory,2
linking,2
predators,2
excons,2
synagogue,2
intimate,2
scientology,2
donor,2
dress,2
theories,2
seeping,2
wage,2
defending,2
rice,2
painful,2
duty,2
dodge,2
mama,2
gourmet,2
rich,2
medina,2
thompsons,2
mainstreaming,2
aquaman,2
highway,2
destruction,2
santa,2
twelve,2
diversifying,2
landlord,2
ignites,2
argentinean,2
libre,2
cup,2
expatriate,2
shift,2
todas,2
scenes,2
obsolete,2
methods,2
potpourri,2
unions,2
unheard,2
increases,2
stuttering,2
fandom,2
positive,2
rubble,2
bull,2
gen,2
gaining,2
2b,2
fears,2
saffron,2
clout,2
tenuous,2
psychiatry,2
hyde,2
israelis,2
reforms,2
lesson,2
grades,2
neglect,2
hazy,2
caribbean,2
baltimore,2
6,2
commune,2
terms,2
sites,2
bears,2
deafness,2
karate,2
histories,2
advances,2
midst,2
ambitious,2
picking,2
facebook,2
shia,2
exhaustion,2
norte,2
mentoring,2
birthright,2
griefcom,2
tourist,2
tackling,2
richest,2
canine,2
inclusion,2
predatory,2
flames,2
waronker,2
volunteer,2
horses,2
chosen,2
kite,2
junkies,2
anorexia,2
reducing,2
others,2
multicultural,2
tune,2
arm,2
shoe,2
hoops,2
marrow,2
rewards,2
adolescent,2
name,2
fledgling,2
bodies,2
compromise,2
darkness,2
gene,2
125,2
finest,2
riders,2
vogue,2
barrio,2
loan,2
taxi,2
huntington,2
haul,2
marshes,2
lovers,2
rebuild,2
content,2
mexicos,2
defendant,2
hypocrisy,2
panama,2
poet,2
experimental,2
archaeologists,2
jackie,2
overweight,2
solve,2
couture,2
desk,2
permanent,2
bust,2
expanding,2
cemetery,2
singled,2
quick,2
wt,2
insidesyria,2
options,2
rezoning,2
cleared,2
preventing,2
professions,2
sun,2
gardens,2
cooking,2
circumcision,2
classes,2
map,2
dumbo,2
playhouse,2
examines,2
argentina,2
kidney,2
wed,2
islanders,2
woods,2
judging,2
israels,2
mix,2
jimmy,2
affairs,2
buried,2
ambitions,2
kimball,2
seeing,2
monkey,2
algebra,2
prediction,2
unafraid,2
doe,2
deck,2
organizations,2
revolutionized,2
pros,2
ethnicity,2
despair,2
flourishing,2
knows,2
thirty,2
titans,2
hours,2
reporter,2
communications,2
reserve,2
populations,2
homegrown,2
flatbush,2
compensation,2
zionist,2
reconciliation,2
fabrication,2
dealing,2
concerns,2
bridges,2
coach,2
handling,2
muse,2
j,2
destination,2
demand,2
anarchy,2
misuse,2
olympics,2
schooled,2
racetrack,2
bye,2
risks,2
gotta,2
soap,2
normalcy,2
messages,2
thought,2
obstacles,2
cook,2
areas,2
revitalizing,2
smile,2
shock,2
praying,2
tankers,2
budgets,2
rockers,2
chips,2
adoptions,2
tomorrow,2
discontents,2
monopoly,2
stateless,2
sure,2
schizophrenia,2
convicted,2
buddhism,2
outlaw,2
command,2
letters,2
causing,2
assimilation,2
graveyard,2
hazardous,2
organizer,2
freeze,2
diversity,2
pregnancies,2
fallen,2
fur,2
cooperative,2
republics,2
shape,2
revolving,2
minefield,2
juveniles,2
lords,2
discussion,2
actress,2
hivaids,2
thou,2
midtown,2
orishas,2
bug,2
examination,2
casinos,2
superstorm,2
transformed,2
runners,2
1,2
lot,2
accidents,2
keeper,2
institution,2
shopping,2
knight,2
parkour,2
abandon,2
slain,2
flawed,2
cutting,2
hitting,2
wombs,2
understand,2
ranks,2
vegetarianism,2
metropolitan,2
onset,2
downloading,2
convictions,2
fewer,2
solitary,2
internships,2
cheap,2
tent,2
naming,2
watchmen,2
outreach,2
cards,2
mold,2
investors,2
midnight,2
substance,2
eighth,2
congo,2
authors,2
sustainable,2
whatever,2
option,2
lil,2
jewry,2
overlooked,2
francos,2
happening,2
tyranny,2
professionals,2
waterway,2
collegebound,2
rite,2
cathedral,2
confusion,2
blogging,2
excited,2
baseballs,2
institute,2
rats,2
transplant,2
mandate,2
bow,2
composers,2
embattled,2
faster,2
ruined,2
horse,2
superhero,2
elevator,2
jockey,2
sideshow,2
buffet,2
wife,2
gift,2
measure,2
astoria,2
wound,2
hazards,2
delicate,2
elections,2
served,2
greengrogcom,2
angry,2
playground,2
assisted,2
resettle,2
popping,2
mourn,2
turkey,2
chineseamericans,2
retain,2
springs,2
everyones,2
meat,2
combating,2
absence,2
parallel,2
screening,2
freegans,2
connected,2
blog,2
limited,2
advancing,2
mat,2
bengali,2
coffee,2
parachute,2
daddies,2
vodou,2
drinking,2
shops,2
fell,2
physical,2
allure,2
cleaner,2
evil,2
millions,2
recidivism,2
missionaries,2
mixedrace,2
tierra,2
diseases,2
sanction,2
swinging,2
mourning,2
solace,2
toms,2
waterfronts,2
beacon,2
attack,2
parish,2
promoting,2
saves,2
resort,2
italy,2
punch,2
pulse,2
bob,2
equity,2
mta,2
reputation,2
improv,2
powerful,2
upset,2
chef,2
fines,2
consolidation,2
bell,2
soon,2
marqueta,2
veterancivilian,2
empathy,2
divorce,2
gibran,2
willing,2
decisions,2
feeling,2
hybrid,2
prey,2
frontiers,2
kevin,2
cases,2
burning,2
1970s,2
extraordinary,2
imam,2
venues,2
shimon,2
organ,2
orphans,2
confronts,2
october,2
location,2
western,2
de,2
supreme,2
advocates,2
handicapped,2
rogue,2
dignity,2
creates,2
educational,2
canadian,2
echo,2
happy,2
swing,2
mattress,2
butchers,2
fairytale,2
laughs,2
hell,2
supervision,2
accent,2
munchausen,2
wheels,2
guilt,2
cliff,2
desires,2
investigators,2
distracted,2
singer,2
filling,2
robinson,2
401k,2
onetime,2
sudanese,2
roar,2
cricket,2
naturally,2
tainted,2
instant,2
physicianassisted,2
accepted,2
prepared,2
provides,2
fan,2
product,2
farms,2
pandemic,2
museums,2
kosovo,2
ncaa,2
radicals,2
proxy,2
vetting,2
exactly,2
bartholomews,2
stephanie,2
faced,2
joins,2
watershed,2
knew,2
retirement,2
spin,2
treasure,2
list,2
finances,2
repercussions,2
perceptions,2
customers,2
shame,2
exemplary,2
asianamerican,2
channel,2
liberia,2
records,2
dukes,2
cultures,2
conducting,2
crowd,2
recessions,2
talented,2
homicide,2
conquering,2
license,2
felons,2
increasing,2
reports,2
crossed,2
hang,2
charles,2
portraits,2
crew,2
postseptember,2
singlesex,2
hurry,2
royalty,2
hookup,2
boil,2
universe,2
seaside,2
developmentally,2
shaky,2
cabs,2
disappearing,2
progressive,2
17yearolds,2
goals,2
asbestos,2
innovations,2
therapists,2
larry,2
feeds,2
walking,2
wonder,2
giuliani,2
virus,2
visionary,2
sing,2
injuries,2
brave,2
newborns,2
freak,2
discontent,2
pat,2
placed,2
craze,2
ahead,2
suburbia,2
bridgeport,2
aiding,2
text,2
frog,2
salads,2
multiracial,2
bells,2
modest,2
nocturnal,2
software,2
lifting,2
innocence,2
pbs,2
destroying,2
robot,2
ended,2
elder,2
circle,2
nationalism,2
cloning,2
enforcing,2
purpose,2
partys,2
mayhem,2
pickle,2
sunday,2
infertility,2
reconciling,2
fragile,2
reinvention,2
continuing,2
cast,2
stronger,2
glutenfree,2
grief,2
luck,2
zones,2
exposure,2
scar,2
disappeared,2
spaces,2
persecuted,2
debates,2
captured,2
organized,2
witnesses,2
biotechnology,2
cbd,2
squad,2
abused,2
questionable,2
banding,2
allvolunteer,2
nicotine,2
course,2
bed,2
corners,2
elected,2
fence,2
gives,2
prisoner,2
seedy,2
burials,2
tension,2
defector,2
ties,2
feather,2
gamble,2
trinity,2
theory,2
soup,2
potential,2
pier,2
fact,2
run,2
wrongful,2
conduct,2
rappers,2
manhattanville,2
holding,2
full,2
roofs,2
parishes,2
exiles,2
donations,2
correctness,2
inefficient,2
literature,2
ghetto,2
prohibition,2
ragtime,2
roulette,2
suicides,2
trucks,2
myths,2
imagination,2
author,2
carroll,2
italians,2
katrina,2
borrowed,2
gardeners,2
harder,2
scandals,2
leftover,2
smugglers,2
gas,2
cabaret,2
legs,2
keepers,2
loud,2
beast,2
broadcasting,2
boomers,2
measures,2
couch,2
smoking,2
restore,2
gauchos,2
stops,2
tourists,2
tenants,2
improve,2
physicians,2
harvesting,2
historical,2
cyclists,2
yes,2
hampshire,2
flame,2
alphabet,2
pakastani,2
companys,2
texts,2
eagle,2
uses,2
photographers,2
salvation,2
prostituted,2
dysfunctional,2
joy,2
able,2
300,2
thousands,2
clowns,2
exploitation,2
sales,2
buildings,2
pool,2
pride,2
blown,2
starr,2
casting,2
puerto,2
gave,2
missed,2
tamil,2
famous,2
truths,2
obsessed,2
jekyll,2
holistic,2
noticed,2
ancestral,2
hardly,2
filthy,2
mining,2
graduation,2
brownfields,2
stamps,2
gossip,2
switching,2
webbased,2
mike,2
50,2
lauren,2
loopholes,2
clinics,2
claim,2
youve,2
form,2
selfie,2
bags,2
nj,2
surrounding,2
grain,2
pursue,2
pit,2
ultra,2
wellness,2
effective,2
unborn,2
longing,2
lankas,2
bonds,2
newly,2
2,2
punk,2
antiaging,2
infant,2
prejudice,2
crumbling,2
feds,2
cadence,2
rezoned,2
requiem,2
crumble,2
neuroscience,2
bible,2
loathing,2
maze,2
haunted,2
weddings,2
spirit,2
creed,2
prime,2
ecological,2
balancing,2
yale,2
grass,2
610,2
willets,2
syrias,2
nonincarceration,2
wide,2
difficulties,2
jason,2
uncertainty,2
greenwich,2
dish,2
playitathe,2
displacement,2
twilight,2
grand,2
rocking,2
begets,2
reforming,2
winner,2
middleaged,2
derby,2
footballs,2
baptist,2
france,2
surgical,2
empty,2
brazils,2
miracle,2
healthy,2
geralyns,2
mascot,2
throw,2
arms,2
bottom,2
territory,2
colombia,2
boxings,2
brother,2
eric,2
hoping,2
conscious,2
eats,2
pedal,2
maternal,2
genocide,2
courage,2
chapter,2
girlhood,2
más,2
cartoons,2
sneakers,2
collateral,2
myth,2
journalistic,2
malcolm,2
lifetime,2
spilling,2
kitefighters,2
congressman,2
columbias,2
minute,2
birds,2
fed,2
125th,2
episcopal,2
moore,2
sunshine,2
pink,2
arabamericans,2
watched,2
chopping,2
encounter,2
editors,2
resettlement,2
detained,2
santeria,2
notorious,2
false,2
direction,2
uzbek,2
roller,2
parenting,2
pastors,2
suburbs,2
afterschool,2
reverting,2
bargain,2
ink,2
smiths,2
psychiatric,2
www,2
drama,2
mennonite,2
rabbis,2
dutchs,2
attract,2
faculty,2
12,2
vivo,2
monk,2
faithbased,2
unconventional,2
sad,2
tourette,2
yard,2
google,2
ecofriendly,2
dios,2
turbans,2
makers,2
moves,2
ignoring,2
dry,2
breathing,2
babys,2
director,2
frontier,2
tackle,2
clintons,2
panopticon,2
billing,2
calling,2
fortunes,2
sexist,2
trails,2
practices,2
shore,2
agencies,2
homophobia,2
offline,2
angel,2
frequent,2
performers,2
trumps,2
educators,2
wanting,2
discovering,2
sexy,2
inamerica,2
leaguers,2
asianamericans,2
burial,2
lonesome,2
swim,2
beggars,2
taxidermy,2
scale,2
coutrix,2
commerce,2
jamaicans,2
northern,2
sketchy,2
stations,2
muslimah,2
title,2
dining,2
advocacy,2
scraping,2
roles,2
leoneans,2
triumphs,2
foothold,2
counterfeiting,2
transitioning,2
pfc,1
matchcom,1
selis,1
chelseaclinton,1
diaz,1
srebrenica,1
dole,1
wingate,1
monastic,1
backlog,1
agriculture,1
deeper,1
conscientious,1
zombies,1
lubavitcher,1
365,1
migliores,1
quad,1
bellas,1
borderline,1
mubarak,1
pro,1
crisp,1
skepticism,1
armanious,1
academies,1
domingguezs,1
bounds,1
depp,1
grift,1
tshuva,1
sanity,1
already,1
develops,1
arturella,1
seoul,1
auxiliary,1
trudging,1
chronicle,1
paycheck,1
dept,1
notebook,1
exprisoners,1
weather,1
minors,1
chicano,1
quests,1
cleanliness,1
figure,1
purchasing,1
abraham,1
astroturf,1
eldercare,1
scariest,1
disclosure,1
exist,1
cleavage,1
stubborn,1
nikhil,1
overhauls,1
sane,1
wounded,1
heats,1
apparition,1
ohming,1
ridge,1
intent,1
fist,1
patalim,1
herald,1
windmills,1
foods,1
images,1
ecommerce,1
fraternities,1
holds,1
sympathy,1
curleys,1
talent,1
navigators,1
grievers,1
currant,1
simply,1
mechanic,1
transwomen,1
rumble,1
losses,1
relevancy,1
minnesota,1
blessing,1
roev,1
topic,1
id,1
hospitality,1
hates,1
drains,1
dispelling,1
compounded,1
shutdown,1
reigns,1
reynas,1
outsourcing,1
banderas,1
khadija,1
schlosberg,1
intrigue,1
userenhanced,1
supermoms,1
stree,1
semipro,1
given,1
elses,1
bao,1
bayside,1
regarding,1
fade,1
tactics,1
sobro,1
send,1
lankans,1
mormons,1
lions,1
seeds,1
quicksand,1
slocum,1
gin,1
understood,1
sampling,1
rainbow,1
wasnt,1
progaming,1
spicy,1
alex,1
childbirth,1
elenas,1
roundtrip,1
demonic,1
meanings,1
470,1
cries,1
uncanned,1
closes,1
undermine,1
violations,1
producers,1
fallenaway,1
reinvent,1
conservatism,1
koreans,1
535,1
visible,1
cohousing,1
gear,1
wades,1
rival,1
clearance,1
brick,1
russias,1
irritable,1
swift,1
koreas,1
gayforpay,1
marcia,1
uninvited,1
level,1
braininjured,1
therefore,1
gated,1
comminutes,1
stillborns,1
ayahuasca,1
expense,1
epipen,1
buyout,1
stopping,1
gia,1
optical,1
koras,1
vintage,1
machinery,1
911america,1
bahais,1
postworld,1
immortality,1
tightrope,1
trading,1
41st,1
kafka,1
laity,1
punching,1
deserting,1
bottled,1
plantation,1
mohammed,1
paine,1
numbers,1
suffocated,1
scottheron,1
pressures,1
oranges,1
fems,1
resounds,1
belnord,1
1980s,1
lipstick,1
convicts,1
tolerate,1
crafting,1
jordan,1
snakeheads,1
intrepid,1
swingline,1
pearls,1
london,1
binge,1
mcmanus,1
rushing,1
lasalle,1
nuevo,1
gubernatorial,1
excuses,1
ecclesial,1
incurable,1
rant,1
wayis,1
tolstoy,1
cuban,1
u,1
prolonged,1
peculiar,1
referees,1
industries,1
diplomat,1
register,1
ionas,1
wrestle,1
residency,1
habit,1
biker,1
alper,1
restrictions,1
practitioners,1
insurrection,1
sikhs,1
whove,1
dueling,1
samantha,1
husbands,1
compromising,1
driven,1
nixon,1
housekeepers,1
indianamerican,1
suppresses,1
rehabilitated,1
nolan,1
tinman,1
chong,1
everyday,1
escaped,1
chief,1
someone,1
hammer,1
ravaged,1
abujamal,1
remorse,1
fridays,1
viva,1
railroads,1
disrupt,1
boring,1
admit,1
gulf,1
kapit,1
peacemakers,1
bergtraum,1
acadia,1
banging,1
persists,1
architects,1
economies,1
disgusted,1
longdistance,1
malaika,1
2006,1
1956,1
jailhouse,1
afrika,1
brexs,1
romaniot,1
simmer,1
antibiotics,1
operations,1
atheist,1
terrorisms,1
developers,1
lafayette,1
hallucinogen,1
untitledadult,1
littlest,1
drugaddicted,1
defy,1
achilles,1
scores,1
names,1
studentathlete,1
tutor,1
zhou,1
sarah,1
agoraphobics,1
curse,1
socaa,1
amalgamated,1
wooden,1
flake,1
mallah,1
readying,1
conformity,1
logistic,1
campion,1
threaten,1
enrolling,1
officer,1
passages,1
30th,1
enthusiastic,1
tayshana,1
fates,1
hartless,1
alan,1
kaling,1
venom,1
unease,1
escape,1
floridas,1
tube,1
691,1
screw,1
rowing,1
chineselanguage,1
pentecostalism,1
marieclaudine,1
youer,1
salamander,1
landfills,1
spoil,1
locavore,1
punches,1
matchmaker,1
taxes,1
porters,1
crackdown,1
armenian,1
autograph,1
object,1
apocalyptic,1
restorative,1
lovehate,1
stables,1
datadriven,1
oyster,1
forum,1
stake,1
discovered,1
charismatic,1
murid,1
paula,1
legion,1
elixir,1
carriage,1
stonewalled,1
belly,1
unapologetic,1
monologues,1
kvelling,1
haitians,1
canadas,1
whiskey,1
nimule,1
miraculous,1
weekly,1
angle,1
shyness,1
overhauling,1
querido,1
donorconceived,1
standing,1
calorie,1
prorecovery,1
solver,1
minimum,1
mtvstyle,1
stream,1
morpheus,1
pal,1
vida,1
antiterrorism,1
superfund,1
min,1
cappella,1
territorial,1
harsh,1
occupations,1
perez,1
privately,1
unequal,1
detroit,1
socially,1
salon,1
leadpoisoned,1
noses,1
seats,1
abandonment,1
broadband,1
scholars,1
smells,1
overrepresentation,1
sanitations,1
reviewing,1
adopt,1
hurts,1
bareback,1
simultaneous,1
obstetric,1
lopez,1
flown,1
betrayal,1
involvement,1
bikinis,1
graders,1
wallet,1
concert,1
exwife,1
lay,1
attending,1
abby,1
investigative,1
diets,1
poly,1
dysfunctionan,1
envision,1
battlefields,1
pharmacists,1
voluntary,1
googles,1
clearest,1
celebrates,1
alls,1
jenkins,1
tags,1
personality,1
upside,1
shamecca,1
answer,1
murail,1
caterers,1
armstrong,1
jschool,1
videoondemand,1
bugs,1
frontlines,1
anonymous,1
afar,1
firefighter,1
repelling,1
leasing,1
modguv,1
excitement,1
consulate,1
listening,1
clifton,1
applying,1
jesse,1
resisters,1
useducated,1
accreditation,1
hamon,1
substandard,1
posttraumatice,1
postponed,1
hugo,1
vested,1
gauging,1
waterlogged,1
biodefense,1
11milliondreams,1
microscope,1
pig,1
coast,1
menswear,1
carlin,1
accidentson,1
liberating,1
bic,1
fibrosis,1
iz,1
lo,1
baghdad,1
voted,1
xfl,1
thailand,1
workings,1
opposite,1
stepford,1
expanded,1
wrestler,1
et,1
skinny,1
starring,1
gymnast,1
differ,1
paralympic,1
reuniting,1
nras,1
tulle,1
felix,1
cheats,1
mintons,1
spears,1
sds,1
apps,1
bifida,1
newcomers,1
math,1
buttons,1
strip,1
conception,1
650,1
petri,1
storms,1
painters,1
bath,1
peaceful,1
frovolution,1
ultimately,1
kosevo,1
americana,1
archetype,1
bits,1
communist,1
wifi,1
reproductive,1
closer,1
broomsticks,1
thrived,1
conroy,1
hyena,1
intricate,1
classically,1
sleepy,1
included,1
nv,1
pups,1
traveled,1
sabras,1
deficient,1
audiotebook,1
blackness,1
martin,1
electricity,1
neagus,1
oblivion,1
hpv,1
grooms,1
dissecting,1
facial,1
videos,1
phenomenno,1
loses,1
myrna,1
fog,1
selma,1
familial,1
cookes,1
flipping,1
rawfoods,1
fizzled,1
likelihood,1
spina,1
mo,1
eleven,1
mending,1
endanger,1
jhane,1
sorry,1
punched,1
debutates,1
papers,1
mao,1
121st,1
intergenerational,1
doityourself,1
taino,1
scenario,1
riverside,1
horman,1
dam,1
track,1
outward,1
prodigies,1
smell,1
highways,1
principled,1
assessing,1
stitch,1
tuba,1
rivera,1
bioterror,1
dat,1
confined,1
thick,1
gardasil,1
bit,1
cherry,1
grander,1
por,1
mask,1
protocols,1
extra,1
maker,1
wholesale,1
suckers,1
defender,1
rapwhite,1
likes,1
border,1
musham,1
reversed,1
honorable,1
vcr,1
individual,1
fujianese,1
duddy,1
efficiency,1
reasontraps,1
cyberlatino,1
asphalt,1
clear,1
screws,1
boylands,1
hardships,1
fox,1
millennial,1
codes,1
kept,1
fittest,1
habits,1
mba,1
maria,1
boundaries,1
coyote,1
harmony,1
acclaim,1
publisher,1
cyphibians,1
bariatric,1
toeing,1
creatures,1
radicalism,1
addressing,1
auditing,1
penalties,1
remembered,1
debut,1
dealmaking,1
mentality,1
reacted,1
cremation,1
actions,1
voluntarily,1
wfan,1
loaned,1
obsess,1
merchants,1
begins,1
sweetheart,1
1stgen,1
gates,1
nonpermanent,1
substitute,1
manners,1
timbuktu,1
bloombergs,1
siu,1
outwitting,1
hasid,1
resurges,1
labbe,1
negotiate,1
guitar,1
victimizes,1
ear,1
kindle,1
shade,1
imaheru,1
criteria,1
captives,1
biedermans,1
sections,1
doping,1
earn,1
guts,1
advance,1
diehard,1
kraft,1
shel,1
1990,1
benefit,1
jefe,1
cardiac,1
lips,1
angrier,1
routes,1
maturity,1
pharmaceuticals,1
assert,1
bikeshare,1
hgh,1
multifaceted,1
customization,1
sudoku,1
rachel,1
analyzing,1
series,1
pyongyang,1
wallowitch,1
pedicabs,1
resurrection,1
somaliamerican,1
legendary,1
mighty,1
outsourced,1
inwood,1
confessor,1
bayou,1
rebreaks,1
lowcost,1
talker,1
callahan,1
discipleship,1
heel,1
oyigbo,1
barro,1
counterculture,1
citystates,1
couldnt,1
influenced,1
hasidim,1
mainland,1
frybread,1
address,1
adversaries,1
pristina,1
breasts,1
nuestro,1
wheat,1
manage,1
ramos,1
hellfighters,1
selfhelp,1
sitar,1
uyghurs,1
obeah,1
reenactment,1
fatalities,1
weeks,1
solo,1
wishes,1
skates,1
vouchers,1
brotherly,1
prone,1
tricks,1
crooked,1
freelancers,1
racket,1
thinking,1
contractor,1
glinky,1
denial,1
provider,1
propalestinian,1
reel,1
librarian,1
inventors,1
neudorf,1
truck,1
sculpting,1
diagnose,1
mitsubishi,1
doula,1
representative,1
cage,1
households,1
san,1
technologys,1
protecting,1
donato,1
unbanked,1
fuzzies,1
espionage,1
uprooted,1
cemetary,1
scarce,1
goamericas,1
iconoclastress,1
donated,1
loans,1
rated,1
baptized,1
obscure,1
junkyard,1
mekas,1
turmoil,1
anat,1
surgeon,1
vegan,1
version,1
wrench,1
natlfed,1
licenses,1
impacting,1
landfill,1
funniest,1
tourettic,1
anointing,1
rugby,1
1996,1
chickens,1
genx,1
clinical,1
prostateand,1
equally,1
manhood,1
midtowns,1
pinkcollar,1
hasids,1
brides,1
rages,1
brimmer,1
messenger,1
chocolate,1
pero,1
weighed,1
fred,1
saltwater,1
improved,1
adulterers,1
hernandez,1
413b,1
hes,1
satisfaction,1
lurch,1
led,1
pacific,1
rings,1
binary,1
labors,1
hooks,1
roids,1
wears,1
reconsidered,1
twoyear,1
antimuslim,1
metaphysical,1
garroway,1
format,1
educate,1
oxytocin,1
fragrance,1
dirge,1
ransom,1
contenders,1
invisibility,1
executive,1
idema,1
burdens,1
critical,1
dressed,1
bound,1
indefinitely,1
explored,1
complicate,1
irishamerica,1
vermont,1
cuisines,1
operate,1
rapture,1
judges,1
wells,1
idol,1
saturday,1
memorializing,1
ambition,1
parcel,1
workerowned,1
plagued,1
kimberley,1
ujamaa,1
playita,1
dotcom,1
irss,1
subversive,1
horseracing,1
hallak,1
terrace,1
compute,1
desert,1
gujartis,1
slip,1
bride,1
roid,1
95,1
seagull,1
wipe,1
shortterm,1
litter,1
afrocuban,1
guliyev,1
stork,1
whiggers,1
nail,1
enforce,1
missions,1
rockland,1
raises,1
gasping,1
threelegged,1
entomophagy,1
connect,1
disappear,1
workshops,1
con,1
antistreet,1
grumman,1
governor,1
willingboro,1
dia,1
sousa,1
crook,1
chambers,1
fundamentalist,1
netherland,1
colonized,1
grind,1
procrastination,1
haunts,1
haunt,1
traveling,1
eyeing,1
straya,1
sighs,1
manufacturers,1
solutions,1
privilege,1
rave,1
monuments,1
transshipment,1
theyll,1
authoritys,1
responds,1
evicted,1
millenniums,1
apparent,1
lacrosse,1
click,1
cardigan,1
anabolic,1
curators,1
weaving,1
rockefellers,1
alms,1
mathew,1
threatens,1
precollege,1
mangaging,1
diabetics,1
geneticallyengineered,1
linguistic,1
unschoolers,1
redesigns,1
95a4315,1
registration,1
crooks,1
correspondent,1
bathroom,1
coronell,1
womanon,1
habited,1
forefront,1
koran,1
dinners,1
bargaining,1
disciplinary,1
surviveand,1
afganistan,1
rooftop,1
thrift,1
womb,1
await,1
asthmaproofing,1
futurology,1
bread,1
attacks,1
measurement,1
overhaul,1
metro,1
roadside,1
doormen,1
function,1
sickle,1
blazers,1
preservation,1
shui,1
plot,1
unauthorized,1
resurging,1
deavere,1
cousins,1
scribe,1
panes,1
fictions,1
fairest,1
siddiqui,1
dorian,1
stark,1
pirate,1
projects,1
font,1
oral,1
straddling,1
livestock,1
cuomo,1
surrounded,1
downturn,1
confronting,1
minimally,1
tonight,1
rangels,1
empress,1
retail,1
onestaters,1
bikini,1
depicting,1
postmodern,1
courtlant,1
robust,1
prochoice,1
clams,1
hear,1
unravelled,1
microcredits,1
walton,1
seasonal,1
julliard,1
hasa,1
mobile,1
massage,1
checkbook,1
painter,1
bluecollar,1
youngsters,1
arrests,1
carson,1
orchid,1
html,1
pastoral,1
clemency,1
boulevard,1
tiebout,1
hooked,1
iron,1
sunk,1
rulings,1
73yearold,1
competent,1
bangkok,1
sharon,1
mercury,1
dewi,1
stereotype,1
emperor,1
opiate,1
chay,1
merde,1
flows,1
underdeveloped,1
delight,1
heros,1
graves,1
sante,1
shanley,1
covenant,1
guadalupe,1
happily,1
crohns,1
wadleigh,1
mrs,1
investigating,1
products,1
runway,1
belated,1
generating,1
parade,1
countyfree,1
marketplace,1
latinoamerican,1
achieving,1
scoobies,1
vapor,1
cafeteria,1
tired,1
mute,1
socialisms,1
kidnappings,1
blasios,1
akhiok,1
girlfriend,1
divisions,1
undeterred,1
carlos,1
explorations,1
islandswapping,1
outsources,1
protests,1
degradation,1
shrewd,1
reduce,1
palestinians,1
cycling,1
cramming,1
latelife,1
withholding,1
secondhand,1
flouting,1
contractors,1
witchesroad,1
cias,1
pity,1
bumps,1
naturopathy,1
associates,1
appropriation,1
banner,1
soaring,1
milton,1
throwaways,1
8000,1
handwriting,1
fascinating,1
rhetoric,1
femininity,1
dairies,1
shortchange,1
disposable,1
aloysius,1
photo,1
dallas,1
cabout,1
spectre,1
jr,1
unmasking,1
abigails,1
fairy,1
kahanes,1
van,1
rajapaksa,1
fabric,1
winnie,1
clergymen,1
kadogo,1
railway,1
quakers,1
halliwell,1
sensitized,1
growsup,1
solid,1
concept,1
cake,1
syringe,1
twenty,1
egypts,1
showtime,1
corrupt,1
assistancebased,1
pioneers,1
immaculate,1
socioeconomic,1
beside,1
palestinianisraeli,1
sixteen,1
squash,1
neturei,1
memorials,1
separated,1
politician,1
perfection,1
protections,1
southwest,1
transplanting,1
motor,1
gucci,1
intolerance,1
factors,1
spotify,1
toxicity,1
diminishing,1
tendencies,1
twerking,1
visions,1
neoteric,1
sadomasochism,1
poorly,1
destinys,1
parts,1
bureaucratic,1
movies,1
registries,1
symphony,1
celibacy,1
levitchs,1
18,1
professionalism,1
sickest,1
outlast,1
spare,1
motors,1
inbetween,1
mushrooming,1
creators,1
commuting,1
manor,1
knicks,1
georges,1
das,1
combated,1
vickys,1
naacp,1
antisikh,1
promising,1
lance,1
resurfaces,1
performing,1
thrill,1
dubois,1
euro,1
prague,1
triangle,1
lug,1
nudists,1
pandits,1
matthew,1
cemotap,1
tibets,1
macarthur,1
auctions,1
handbags,1
vanished,1
hightech,1
metal,1
kehila,1
mobil,1
hubbard,1
period,1
temple,1
erode,1
probably,1
courtappointed,1
nextgeneration,1
existing,1
greenwood,1
53,1
breakneck,1
certainty,1
squelching,1
institutions,1
spells,1
thom,1
miniking,1
bibbs,1
hedge,1
bolster,1
conde,1
courtyard,1
moishe,1
saskatchewan,1
bullyculture,1
hslda,1
du,1
joining,1
rife,1
ne,1
ivankov,1
bettors,1
dances,1
companion,1
specials,1
transitions,1
inheritance,1
assemblyman,1
illiterate,1
afford,1
lanes,1
exposes,1
quintuple,1
reshipping,1
moles,1
gangnam,1
copywrite,1
goldforoil,1
essay,1
edegrees,1
genderqueer,1
integrated,1
fighters,1
dyslexia,1
chan,1
pequots,1
device,1
docudrama,1
rooftops,1
smirk,1
pitfalls,1
involuntary,1
dynasty,1
mamaroneck,1
gangster,1
database,1
shifting,1
conservancys,1
northeast,1
fandemonium,1
emerge,1
expert,1
muumuu,1
alison,1
griffin,1
cheaper,1
swaying,1
alternate,1
patron,1
griot,1
fueling,1
exploiting,1
somalis,1
ax1,1
dealers,1
spike,1
hat,1
mukamabano,1
skinlightening,1
fairness,1
exoffenders,1
computing,1
winery,1
agents,1
recheck,1
harold,1
cunanans,1
canada,1
discovery,1
cargo,1
cooperstown,1
punchdrunk,1
songwriters,1
introduce,1
giffen,1
dependency,1
blake,1
burmese,1
screaming,1
infoscribe,1
barricada,1
suicidal,1
logcap,1
mancini,1
fob,1
underappreciated,1
shopper,1
apartment,1
locks,1
whitecollar,1
placements,1
stormy,1
bahal,1
monteria,1
allowing,1
lakewood,1
rollergirls,1
corporation,1
barley,1
promotion,1
caguyas,1
sufferers,1
pleabargaining,1
dorjis,1
whitney,1
recognized,1
reconnects,1
environmentally,1
incredible,1
laughter,1
thoroughbread,1
sings,1
zorn,1
pacifist,1
revolutionize,1
batter,1
bricks,1
shunning,1
soundtrack,1
gentlemans,1
goldstein,1
cufi,1
flipped,1
zimbabwean,1
agree,1
wallace,1
researchers,1
120yearold,1
perpetrator,1
redefined,1
relevance,1
spurt,1
foxes,1
tidying,1
mules,1
marble,1
disparity,1
ships,1
objectors,1
brenda,1
calculus,1
horn,1
pollutants,1
columbus,1
mississippi,1
familyrun,1
maracaibo,1
delinquents,1
murrows,1
antigay,1
truvada,1
kickstarter,1
buyer,1
bayit,1
shedding,1
celiac,1
unchosen,1
ebros,1
reexamining,1
costing,1
interreligious,1
unhealthy,1
ap,1
inescapable,1
clockwork,1
resurrect,1
hart,1
sustain,1
newer,1
urgent,1
whitening,1
dorothy,1
gotten,1
mad,1
winners,1
unsolved,1
user,1
haulers,1
downsizing,1
intern,1
lecture,1
greatest,1
iraqs,1
verichip,1
pleading,1
ambulance,1
medication,1
hobos,1
litigating,1
inning,1
blogosphere,1
libbys,1
pocket,1
sperm,1
maxim,1
thrivein,1
articles,1
eruv,1
introspection,1
mengele,1
brightening,1
asexual,1
99,1
knock,1
hackharassment,1
mule,1
breakdown,1
parkchesters,1
permanently,1
delury,1
himalayan,1
stays,1
lader,1
harvest,1
tuna,1
efficacy,1
copts,1
prayed,1
jokes,1
released,1
ahmadi,1
shines,1
narcissism,1
preppers,1
oath,1
roseau,1
differently,1
satmar,1
antibilingual,1
contemplate,1
legalized,1
nazareths,1
vulnerable,1
guarding,1
jew,1
goin,1
witch,1
bertin,1
jesuit,1
contend,1
hunter,1
joyce,1
kittens,1
effluent,1
steroid,1
tilapia,1
aircraft,1
murphy,1
threetiered,1
choirs,1
outsource,1
imagine,1
charge,1
syrians,1
loisaida,1
sexism,1
sundays,1
iconoclasm,1
poststorm,1
antidote,1
passive,1
pedigree,1
twoway,1
louis,1
vaccines,1
resilience,1
leveraging,1
tastings,1
namaste,1
crying,1
pagers,1
racin,1
limbs,1
accessing,1
fleeting,1
breslins,1
arrested,1
regulatory,1
knives,1
welladjusted,1
tearing,1
marxism,1
econo,1
colitis,1
13th,1
dalleyances,1
detainees,1
gil,1
eased,1
banya,1
sudans,1
paving,1
gaza,1
doom,1
buses,1
imperils,1
sunnyside,1
tsar,1
firstyear,1
bint,1
crusaders,1
jolt,1
triage,1
lucrative,1
bluegray,1
revolutionizing,1
antidepressant,1
nod,1
motivational,1
brogue,1
pollard,1
promoters,1
marine,1
kabul,1
scans,1
ears,1
designed,1
hailing,1
changers,1
earmarks,1
shores,1
raman,1
panhandler,1
remittances,1
fourth,1
securing,1
malcom,1
chairmanship,1
aqueduct,1
swiss,1
ritual,1
inventing,1
sankofa,1
sydney,1
coexistence,1
brookfield,1
rental,1
jitterbug,1
profiting,1
tracks,1
expected,1
benke,1
hotels,1
behalf,1
inspire,1
aols,1
nanotechnologys,1
harrassment,1
grey,1
stewart,1
ms,1
legitimacy,1
stewardship,1
cold,1
vandals,1
skippering,1
reviled,1
hooray,1
warorn,1
serves,1
assassin,1
mysticism,1
hardening,1
allin,1
piracy,1
komar,1
flesh,1
chased,1
drop,1
paw,1
liquor,1
epa,1
civilian,1
courageous,1
position,1
stability,1
rx,1
quinn,1
normalization,1
guards,1
tribal,1
armys,1
shoeshiners,1
siegel,1
panthers,1
concrete,1
raje,1
detailed,1
exports,1
contributed,1
cleansing,1
utopia,1
chefs,1
antizionist,1
pressurecooker,1
kenaf,1
olmsteds,1
rooting,1
parent,1
regions,1
themes,1
platforms,1
freaky,1
parcells,1
mounted,1
resulting,1
lobbys,1
scheme,1
analog,1
drycleaner,1
leaping,1
fordham,1
super,1
freestyle,1
danced,1
affirmative,1
stack,1
documentation,1
prekindergarten,1
dmt,1
pear,1
raghava,1
ts,1
drupal,1
770,1
wire,1
clouds,1
gamechanger,1
399,1
campaigns,1
galvanization,1
disruptive,1
biome,1
raids,1
blowing,1
desperado,1
phones,1
telephone,1
heidi,1
soups,1
joemax,1
malo,1
external,1
meateaters,1
meanwhile,1
sewer,1
curve,1
arranging,1
quinccanera,1
vacancy,1
languish,1
degenerate,1
lolitas,1
taxdoes,1
guild,1
havoc,1
returnees,1
prepaid,1
pleasure,1
chairman,1
boob,1
phaseout,1
arthur,1
forbidden,1
maximizes,1
flophouse,1
ambiguities,1
flanigan,1
prospect,1
flaws,1
entrepreneurial,1
granny,1
chants,1
grays,1
refuses,1
ruse,1
laidoff,1
restoration,1
heimet,1
rebellion,1
hallucinogens,1
custody,1
nereida,1
portuguese,1
cabra,1
muerte,1
disco,1
wilderness,1
clown,1
cloths,1
hilda,1
artsy,1
abstract,1
dehydration,1
broad,1
endowment,1
grits,1
chaotic,1
tease,1
savage,1
crumbles,1
assailant,1
dorado,1
windfall,1
clancy,1
gamal,1
silver,1
extraction,1
wade,1
dominicans,1
cecily,1
caused,1
insider,1
cents,1
socialism,1
message,1
bettor,1
rocked,1
dod,1
violate,1
storefront,1
crillo,1
ti,1
talmud,1
multifaced,1
crippling,1
affinity,1
conflicting,1
dancehall,1
abstinent,1
ultraorthodox,1
risen,1
homophobic,1
vasquez,1
insecurity,1
kale,1
lindy,1
stopped,1
nike,1
descended,1
harness,1
bedfellows,1
pandas,1
innerself,1
swine,1
pagans,1
anthony,1
disaffection,1
babymaking,1
krishna,1
slaverys,1
awakening,1
cots,1
blamed,1
ocd,1
fanning,1
technoindustrial,1
indonesia,1
worried,1
bettye,1
connector,1
jazzman,1
claws,1
ceremonies,1
brothel,1
dentists,1
packs,1
humanitarian,1
boxer,1
fundamentals,1
shaklee,1
sues,1
reenergize,1
competitions,1
ethiopians,1
minyan,1
trafficked,1
damn,1
linda,1
viral,1
paralysis,1
brenners,1
washedaway,1
neoluddites,1
scouts,1
modesty,1
conceptions,1
gawker,1
triangulate,1
casanova,1
nonbeliever,1
barbed,1
sororities,1
pennsylvania,1
aliens,1
bleakest,1
breeds,1
release,1
gurus,1
njs,1
elitism,1
unbreakable,1
floyd,1
readytowear,1
acknowledgement,1
administrative,1
thereof,1
colonels,1
bowel,1
swamped,1
fades,1
carmens,1
understudy,1
letting,1
eli,1
abstinenceuntilmarriage,1
mic,1
sergeant,1
uncovered,1
facade,1
tween,1
iranianamerican,1
superpower,1
gail,1
feng,1
pursuing,1
informal,1
nina,1
mccains,1
expansion,1
egyptians,1
partition,1
parochialcharter,1
foursquare,1
divinorum,1
printed,1
speed,1
retaliation,1
legitimizing,1
divides,1
rahsaan,1
threats,1
hosptials,1
nightclubs,1
libertad,1
dropping,1
anderson,1
busking,1
bookie,1
paradoxical,1
advisors,1
framework,1
worsen,1
twostep,1
velma,1
delta,1
customer,1
shutters,1
adrenaline,1
fixed,1
destitute,1
xm,1
outlaws,1
137,1
blending,1
diverging,1
ceasefire,1
lawsuits,1
tire,1
slammed,1
yorkteenagers,1
cornerstone,1
hijabi,1
objectivity,1
dialect,1
nyus,1
postconviction,1
transgendered,1
conform,1
absentee,1
yerman,1
walled,1
bleeding,1
rockettes,1
pesticides,1
frustration,1
fellowship,1
syphilis,1
uprooting,1
manila,1
pulpit,1
visualizing,1
hassles,1
died,1
paypal,1
ins,1
conditions,1
slams,1
splendor,1
setting,1
automated,1
reconstruction,1
globalizing,1
secretaries,1
prosecution,1
airbnbs,1
aboard,1
tweets,1
trucker,1
plunders,1
wargames,1
cba,1
parkway,1
jefferson,1
hundred,1
lionels,1
brianas,1
afghans,1
selfdetermination,1
familyowned,1
ordain,1
homeschool,1
renovate,1
meiers,1
elais,1
retrieval,1
alert,1
similar,1
banja,1
swedish,1
casino,1
entices,1
gluten,1
paperback,1
paying,1
georgia,1
courtroom,1
athens,1
aesthetic,1
nutrition,1
ministering,1
inefficiencies,1
brews,1
airborne,1
rods,1
deported,1
chaitra,1
unemployed,1
whores,1
legislation,1
truly,1
prince,1
hording,1
pilgrims,1
sees,1
heist,1
neille,1
rebellious,1
kirk,1
biodiesel,1
asylees,1
whales,1
migrations,1
wallflowers,1
undergraduate,1
insure,1
hihop,1
mentalhealth,1
turk,1
posts,1
lightning,1
hiding,1
feeding,1
endoflife,1
hiroshi,1
impoverished,1
pinochet,1
agribusiness,1
outdoor,1
paralyzed,1
veronicas,1
trickledown,1
authenticity,1
interamerican,1
businessman,1
naptural,1
muggle,1
reconnect,1
138th,1
buffalo,1
expatriates,1
tracing,1
married,1
hoaxes,1
whosoever,1
lobbyists,1
staffers,1
whisper,1
diagnoses,1
streetwalkers,1
ham,1
hyped,1
navigation,1
soulmates,1
cover,1
yvette,1
hellfighting,1
roadtrip,1
initiatives,1
sunairi,1
bloody,1
electroshock,1
lord,1
howie,1
gallery,1
luka,1
barking,1
technocraftsmen,1
circumstances,1
margins,1
planet,1
lounge,1
surprised,1
attic,1
carolinas,1
lama,1
tattoo,1
demetrios,1
brush,1
root,1
urge,1
cats,1
yahoo,1
trashtalking,1
charity,1
epilogue,1
republic,1
siraj,1
stone,1
manchester,1
resident,1
neuhaus,1
tagging,1
preppy,1
murals,1
meantpacking,1
shamans,1
doubling,1
prosperity,1
yemeniamerican,1
transmission,1
southeast,1
roostercruising,1
sort,1
quotas,1
courting,1
charasel,1
parlors,1
virginia,1
brease,1
caesarean,1
taxicab,1
greening,1
fanatics,1
stapler,1
weakness,1
slight,1
unsportsmanlike,1
collegeprep,1
oa,1
waits,1
transcultural,1
peacekeeping,1
jdate,1
enroll,1
focal,1
hire,1
violinist,1
tensions,1
replanting,1
refusing,1
horrocore,1
stroked,1
viagra,1
cuis,1
legalities,1
gary,1
stuffers,1
vigilantism,1
alienation,1
eighty,1
recapture,1
43,1
dakotans,1
translating,1
slamming,1
contender,1
fright,1
alpha,1
pranksters,1
cannot,1
gm,1
neon,1
goldsteins,1
threepart,1
flak,1
edutainment,1
earnest,1
rim,1
folks,1
wpa,1
parking,1
unify,1
hollywoods,1
mild,1
tribalists,1
amish,1
consumer,1
spurned,1
foibles,1
jomo,1
natasha,1
churchs,1
jacob,1
lin,1
plea,1
stacks,1
underneath,1
waves,1
interrupting,1
cheerleading,1
baseless,1
hello,1
sitting,1
crump,1
oneida,1
untitledtobacco,1
vice,1
uranium,1
botch,1
pedophilia,1
crossings,1
liberias,1
ate,1
motivated,1
coalition,1
mars,1
veilprofile,1
tail,1
navigates,1
screwing,1
ultimate,1
gleasons,1
journal,1
au,1
honor,1
disrepair,1
confining,1
cornell,1
plausible,1
sibanye,1
fours,1
ernie,1
harassed,1
reception,1
tear,1
waterless,1
trendiest,1
visas,1
snowboarding,1
kendras,1
strings,1
70,1
devastating,1
merengue,1
bludgers,1
platts,1
drugresistant,1
antoine,1
detector,1
kirkpatrick,1
norwegians,1
deplete,1
photographic,1
tupperware,1
phantom,1
produced,1
olivia,1
aiming,1
calls,1
boneyard,1
unintended,1
bailout,1
named,1
muddled,1
bald,1
rescuing,1
smut,1
griots,1
cyberyenta,1
unfortunate,1
dietary,1
starts,1
darker,1
armored,1
nightlife,1
modified,1
logo,1
birding,1
intersection,1
gamers,1
mohegans,1
scientist,1
subject,1
radicalization,1
either,1
non,1
twists,1
whiteshoe,1
sunkara,1
injured,1
synthetic,1
phenom,1
blanco,1
wbna,1
guilty,1
sciences,1
week,1
talese,1
snow,1
inviting,1
hometown,1
extortion,1
nadia,1
yugoslav,1
embalming,1
cpj,1
possessed,1
peter,1
neighborhoodbuilding,1
fistic,1
jeffrey,1
wentworth,1
prejudices,1
nwhls,1
roommate,1
elders,1
tunes,1
multimilliondollar,1
jv,1
graying,1
nilda,1
unregulated,1
guerillas,1
sadness,1
origins,1
edgewood,1
destroyed,1
tristan,1
victory,1
slam,1
resisting,1
hamza,1
barhopping,1
39year,1
pumpkin,1
blurring,1
farright,1
onceproud,1
ribbons,1
wheres,1
homecoming,1
postdeployment,1
watchtower,1
produce,1
1999,1
edgecombe,1
tarrytown,1
homothug,1
classless,1
rotc,1
appealing,1
nta,1
lorchs,1
quarterback,1
cantors,1
contradiction,1
cardinal,1
nrollers,1
heavens,1
cons,1
jewelry,1
snakebite,1
truett,1
agenda,1
users,1
succeeded,1
property,1
stateslegally,1
platter,1
cheat,1
giulianis,1
voters,1
betrayed,1
shares,1
puncture,1
gloucester,1
technicians,1
flea,1
unwed,1
greenmarkets,1
restriction,1
dishes,1
brigade,1
brew,1
clearing,1
probe,1
covered,1
dystonia,1
absenteeism,1
daycare,1
granting,1
safer,1
extinction,1
readbut,1
eviction,1
potency,1
naturalization,1
filmmaking,1
symposium,1
lutheran,1
albany,1
freedom2dance,1
didactic,1
ethiopian,1
aol,1
realtime,1
algerian,1
hizbullah,1
tumors,1
quits,1
unground,1
useless,1
miriam,1
booths,1
ails,1
cigarette,1
temps,1
diving,1
wings,1
hipsters,1
drought,1
disenfranchised,1
hero,1
flora,1
phobia,1
harry,1
subsidy,1
mates,1
auction,1
ebonics,1
galoshes,1
vloggers,1
republicanism,1
runner,1
heretic,1
forgoes,1
ramirez,1
liable,1
validation,1
bizarre,1
frisked,1
possibly,1
bilingualism,1
core,1
livery,1
kenya,1
purity,1
steal,1
secondrate,1
homosexual,1
nemesis,1
recordpermanently,1
djing,1
warroad,1
psychology,1
youtubes,1
swindling,1
rway,1
follies,1
reduced,1
zionists,1
jeshurun,1
nobodys,1
economist,1
invaded,1
earthquakes,1
legislating,1
gimmie,1
brazil,1
brief,1
dietingobsessed,1
removal,1
asianowned,1
forestry,1
chairs,1
thinspiration,1
witchcraft,1
passengers,1
defying,1
interpretation,1
effectiveness,1
donald,1
ahoy,1
grove,1
resources,1
bombing,1
sketches,1
rams,1
foresight,1
hopeless,1
blitz,1
rivalry,1
asperger,1
sally,1
principals,1
dental,1
disciples,1
flag,1
lags,1
bargained,1
beds,1
pungo,1
equals,1
beanball,1
laughing,1
wolf,1
mideast,1
influential,1
achieved,1
kermit,1
aguilar,1
blumenthal,1
stretch,1
documents,1
soprano,1
scanvan,1
lithuanian,1
silencing,1
songs,1
gi,1
rhymes,1
championship,1
alexander,1
incinerator,1
mitigation,1
fishbowl,1
slate,1
vain,1
odessa,1
vini,1
13,1
someplace,1
meter,1
monetized,1
slots,1
7,1
flooded,1
executives,1
insecurities,1
jam,1
bureaucracy,1
miscarriage,1
countercultural,1
unchurched,1
resilient,1
smallschool,1
sarajevos,1
hotz,1
irrigation,1
lap,1
loyalties,1
prevents,1
illegitimate,1
immersion,1
slippery,1
adequate,1
backwoods,1
smiled,1
yankees,1
payoffs,1
somali,1
adapts,1
kleptocrat,1
sidelines,1
yassky,1
victories,1
patrols,1
nouveau,1
venezuela,1
kennedy,1
onondagas,1
humanities,1
le,1
fronts,1
tlc,1
pluribus,1
floor,1
moments,1
timber,1
murky,1
hairstory,1
intersect,1
follicles,1
champions,1
missionary,1
talents,1
encountered,1
remixes,1
newold,1
hyperfiction,1
inevitable,1
cram,1
lazarenko,1
thor,1
resentment,1
batista,1
congolese,1
psychotic,1
weakened,1
highlyrecruited,1
reaction,1
yorkkosovo,1
shapes,1
backlash,1
archer,1
xenaphilia,1
triste,1
hola,1
worry,1
genitals,1
koreanamerican,1
nuisance,1
narcoviolence,1
spy,1
kenny,1
jets,1
fueled,1
muhummad,1
goddamit,1
elect,1
rawls,1
celebrate,1
wlib,1
cbs,1
massacre,1
neonazi,1
foundry,1
deities,1
fortitude,1
booting,1
reagan,1
cat,1
miranda,1
boroughs,1
kansas,1
exodus,1
sucks,1
blaylocks,1
celebration,1
programming,1
uc,1
cozy,1
attraction,1
aggravated,1
attend,1
decay,1
arrival,1
cites,1
burke,1
fifth,1
ericas,1
philippian,1
halfmillion,1
mumia,1
tagger,1
reveal,1
juliets,1
skirts,1
coaching,1
tahrir,1
bohio,1
r,1
paint,1
aviation,1
emirates,1
puppetry,1
destroy,1
rarely,1
peacetime,1
paraphrase,1
mice,1
legged,1
grandkids,1
segregation,1
islamaphobia,1
shalom,1
alopecia,1
testament,1
shackled,1
brukup,1
vincent,1
sound,1
buck,1
plate,1
delayed,1
entered,1
genderless,1
lotus,1
goldmine,1
count,1
wither,1
bile,1
gigolo,1
painless,1
unveiled,1
gatekeepers,1
nou,1
revenue,1
hamilton,1
anything,1
delusion,1
reconstructive,1
invasion,1
scrap,1
rebbes,1
angie,1
kedosha,1
decide,1
volverebut,1
docking,1
viewership,1
hears,1
er,1
physicality,1
moseying,1
clash,1
fluid,1
guarded,1
reproducibility,1
proposition,1
adhd,1
anchors,1
lawrence,1
gravy,1
salsa,1
curves,1
supporting,1
archaeologist,1
22,1
menstruation,1
brains,1
violin,1
hatorah,1
bankruptcy,1
advisory,1
discord,1
frisk,1
collector,1
bandstand,1
harriet,1
remaking,1
botanicas,1
assumptions,1
pretrial,1
pasts,1
salmon,1
accident,1
lagrange,1
comics,1
earning,1
enduring,1
puff,1
technologies,1
saying,1
francisco,1
glitter,1
augmented,1
chalkboard,1
spelman,1
taliban,1
reiki,1
chinatowns,1
calypso,1
transitional,1
ephemeral,1
sportswriters,1
turnout,1
trample,1
hotly,1
docents,1
admirals,1
seamstress,1
splendid,1
probation,1
minutes,1
geopolitics,1
mehl,1
2007,1
curb,1
flags,1
childless,1
infatuation,1
mammography,1
moraldos,1
sherrif,1
romanies,1
osteopathic,1
fedora,1
embryos,1
biomedical,1
repose,1
assassination,1
cleaners,1
unwelcomed,1
guantanamo,1
achievement,1
joeys,1
126th,1
settling,1
melrose,1
rasta,1
launder,1
equipped,1
pa,1
terminated,1
assistive,1
shifts,1
arianda,1
scallop,1
sicken,1
boogie,1
mendes,1
runs,1
formed,1
pedagogical,1
hairbraiding,1
bioart,1
kitty,1
serbian,1
junkie,1
survivorship,1
cystic,1
pursues,1
decides,1
macedonia,1
blond,1
arrived,1
gloria,1
reinterprets,1
willis,1
origami,1
relevant,1
reed,1
links,1
remediation,1
caveman,1
seaveys,1
contemplates,1
terriers,1
orgasm,1
whale,1
grounds,1
films,1
gabriella,1
scoop,1
carousel,1
amoralists,1
greed,1
chat,1
fighter,1
feels,1
paved,1
devils,1
dieterles,1
violators,1
molesters,1
hailed,1
failling,1
trickle,1
carter,1
dazzle,1
turkishamerican,1
billionaire,1
cigarettes,1
trusted,1
mystic,1
voter,1
naftas,1
modernization,1
privitization,1
gently,1
mainers,1
thatcant,1
birthor,1
deceased,1
morgenthau,1
networks,1
governs,1
misses,1
muny,1
rashmi,1
messiah,1
nurturing,1
skirt,1
dictating,1
indonesian,1
protestant,1
pines,1
tap,1
impresario,1
widowers,1
belt,1
k9,1
shepard,1
thunder,1
underfunding,1
mythology,1
remembering,1
playwrights,1
yusuf,1
correction,1
damascus,1
pentagon,1
laguardia,1
dhs,1
revolutionaries,1
salvia,1
rbitrary,1
rainbows,1
anothers,1
surgeries,1
shortage,1
cooke,1
jewisharab,1
ventura,1
exonerated,1
lit,1
latifa,1
speakers,1
birthday,1
pushers,1
joseph,1
slater,1
berlin,1
seem,1
suspension,1
jamrock,1
worst,1
rosita,1
walkability,1
phalluses,1
discretion,1
bullets,1
horrible,1
weighs,1
bigger,1
deadbeat,1
tuberculosis,1
suddenly,1
entine,1
cosmetics,1
towers,1
shammgod,1
creek,1
uber,1
irrelevant,1
offshore,1
chase,1
friendly,1
tables,1
youngonset,1
goliath,1
postsept,1
locals,1
srinis,1
youthful,1
asks,1
situation,1
roe,1
zimbabwe,1
compassion,1
mlk,1
undergoes,1
clarence,1
unwilling,1
atomic,1
sights,1
subtitle,1
oh,1
exonerations,1
22yearold,1
engage,1
slashers,1
intriplicate,1
awaits,1
crucial,1
wood,1
shirks,1
revoir,1
reaping,1
derelict,1
greene,1
potels,1
genomes,1
iraqis,1
poisoned,1
servicesfire,1
crystal,1
fantasist,1
judgement,1
faceless,1
elliott,1
begun,1
disrupter,1
lorena,1
legalize,1
interaction,1
squeeze,1
ruling,1
hui,1
redhot,1
observation,1
migrant,1
spouse,1
waking,1
germany,1
clients,1
capitalism,1
lancit,1
illusion,1
cancerblack,1
applied,1
plans,1
boutique,1
strongest,1
yorkpresbyterian,1
cleaning,1
emotions,1
toothless,1
shocking,1
feathered,1
dynamic,1
accessaride,1
nazi,1
dejabbing,1
kingdom,1
favor,1
colocation,1
armageddon,1
umbrella,1
removed,1
india,1
exemption,1
predator,1
vanquished,1
uphold,1
regulating,1
beckers,1
newtown,1
pew,1
standardizing,1
paladins,1
thinning,1
cohen,1
ecosystems,1
amendment,1
responses,1
ahmadis,1
taxpayers,1
chinatownthe,1
kosovar,1
combination,1
wilson,1
belongs,1
diana,1
zuckerberg,1
almirah,1
detectives,1
melting,1
nycha,1
coverinside,1
railroad,1
kinda,1
transplantations,1
eden,1
nine,1
leap,1
cityscape,1
buddhisms,1
bottle,1
quixote,1
spinning,1
beatboxing,1
biomarkers,1
pupils,1
skateboarding,1
spawned,1
alcorn,1
converted,1
squatter,1
crescent,1
unchecked,1
wherefore,1
muscle,1
slower,1
upscale,1
pointz,1
videogames,1
unlock,1
spitzer,1
requires,1
woody,1
hawks,1
hijabs,1
gateway,1
abstaining,1
urbanplanning,1
makeover,1
desis,1
temples,1
jamaican,1
preserve,1
scrambled,1
pundits,1
firemansstory,1
karaoke,1
grrrls,1
irreverent,1
cruelty,1
hydrophonic,1
fundraising,1
strong,1
rampant,1
sirius,1
toking,1
challenging,1
meaning,1
fundamentalism,1
uninterrupted,1
redesigning,1
demands,1
ecoterrorists,1
vying,1
livelihood,1
fourteenth,1
esports,1
tilting,1
pariahs,1
monday,1
humour,1
untested,1
graduating,1
orphan,1
backgammon,1
choir,1
interior,1
34th,1
nothing,1
dreamwidths,1
roumain,1
shrimps,1
pease,1
fowl,1
daring,1
arrives,1
colossus,1
transfusion,1
unreachable,1
youngest,1
scatterbrained,1
allies,1
tortured,1
walkway,1
tubman,1
charade,1
ratings,1
tragic,1
tides,1
bonding,1
constituents,1
adopting,1
fated,1
machismo,1
huntingtons,1
aish,1
nhl,1
telemental,1
smallscale,1
hungarian,1
piloting,1
outbreak,1
whites,1
faking,1
amigos,1
scoff,1
peek,1
sincerely,1
cbgbs,1
wep,1
twisted,1
surfers,1
embargo,1
ideals,1
highs,1
invitation,1
rwanda,1
delay,1
rapper,1
megans,1
officiating,1
fortune,1
cryonics,1
restructuring,1
lubavitchs,1
matchmaking,1
specialization,1
patientsubject,1
applications,1
globalism,1
multiplicity,1
hamptons,1
grip,1
roleplaying,1
abortions,1
elevate,1
preciosa,1
pictograms,1
romaniote,1
infinite,1
dick,1
avantgarde,1
regression,1
ira,1
plug,1
longtime,1
ageism,1
til,1
accountability,1
unaware,1
slaughter,1
tracking,1
defiance,1
primed,1
unpredictable,1
uncorked,1
medicated,1
sketch,1
someday,1
proud,1
erasure,1
vein,1
estamos,1
ix,1
banjo,1
sects,1
traveler,1
lewis,1
ebony,1
holes,1
prospered,1
melt,1
penn,1
midterm,1
musthave,1
meatpacking,1
bounty,1
anna,1
expires,1
offoff,1
outlined,1
hustle,1
unity,1
background,1
backstretch,1
scifi,1
ayotzinapa,1
tibet,1
guinea,1
gyms,1
motivate,1
underworking,1
disordered,1
helvetica,1
satisfy,1
kisco,1
fibromyalgia,1
selection,1
taiwan,1
musiccorporatization,1
gatess,1
emotional,1
widespread,1
main,1
bravest,1
startling,1
precinct,1
add,1
marcus,1
amateurs,1
blostein,1
bogged,1
jennifer,1
epiphany,1
homestyle,1
tshirts,1
antizionism,1
lane,1
treats,1
universities,1
mower,1
farce,1
stressedout,1
lens,1
subminimum,1
cyberhate,1
stitching,1
stadiums,1
bonebreaking,1
expeditionary,1
entitled,1
leg,1
judiciary,1
sedition,1
harmful,1
unraveled,1
chamber,1
bollywood,1
tiber,1
intangibles,1
covers,1
mainstays,1
longhorned,1
crude,1
grandfathers,1
examples,1
weeksville,1
rememberor,1
bocce,1
ephebic,1
confused,1
singers,1
storming,1
carol,1
franchise,1
buddist,1
putin,1
inaugural,1
steady,1
colorblind,1
spite,1
loops,1
foreigners,1
fiterman,1
sniff,1
organs,1
checking,1
rot,1
obscurity,1
moon,1
brooks,1
liberal,1
prospective,1
obamas,1
mania,1
mismanagement,1
ecologists,1
babylon,1
resist,1
follow,1
gallaudet,1
brand,1
puno,1
sophomore,1
mindful,1
opposed,1
metaphor,1
reasonable,1
settle,1
psychiatrists,1
prohibitions,1
priest,1
malmon,1
selective,1
waterfight,1
psychologist,1
koreatown,1
delivered,1
navy,1
deloye,1
hare,1
pews,1
h20,1
blends,1
canonization,1
plantains,1
hyper,1
virginity,1
entire,1
retarded,1
questioned,1
fundraise,1
gentrifying,1
mommy,1
household,1
degenerative,1
preservationists,1
edition,1
foul,1
mages,1
lowtech,1
extract,1
xenites,1
mosaics,1
warner,1
meant,1
dispute,1
endless,1
rocny,1
adds,1
fraction,1
postal,1
unedited,1
dude,1
morally,1
manufacturing,1
identities,1
aquarium,1
orthogays,1
glyconutrients,1
billig,1
mostly,1
pakistans,1
jade,1
istanbul,1
100hour,1
innovating,1
brands,1
snake,1
britons,1
pecuniary,1
arbitrariness,1
chick,1
norway,1
helen,1
aphrodite,1
konnin,1
romantic,1
britney,1
elective,1
sros,1
zeinab,1
ideological,1
pianotown,1
constitutional,1
strains,1
sanaa,1
carnivore,1
settlement,1
clinic,1
spurring,1
veils,1
no3,1
sliver,1
lebron,1
therapeutic,1
revelation,1
ugandan,1
abracadabra,1
logic,1
manders,1
garnett,1
rev,1
babycastles,1
telehealth,1
suburb,1
brownstones,1
nollywood,1
islamerica,1
dailies,1
uncle,1
lupus,1
dual,1
random,1
vow,1
punchline,1
positivity,1
lt,1
thomas,1
felonies,1
jeremy,1
ceopoliticians,1
dvd,1
harlemites,1
neonazis,1
cousin,1
tossed,1
published,1
mma,1
windows,1
genealogy,1
separatist,1
disrobing,1
aquí,1
dumped,1
greengrocer,1
instrumental,1
crunch,1
twoforone,1
memoirs,1
microcosm,1
enhancing,1
cottage,1
largescale,1
panning,1
rejuvenates,1
ultrasonic,1
dinosaurs,1
schooltonba,1
pressure,1
forming,1
cambodians,1
hookers,1
standoff,1
plagues,1
ya,1
arena,1
fame,1
sec,1
stalls,1
trailers,1
19th,1
stock,1
enlisted,1
steppers,1
taylor,1
manhatitlan,1
sector,1
carnival,1
walkable,1
thee,1
liberals,1
mambo,1
computers,1
kidnap,1
reins,1
closets,1
timor,1
postabortion,1
flood,1
impermanence,1
predict,1
beetle,1
locavores,1
favorite,1
janina,1
groomers,1
adjusts,1
proposals,1
collegeeducated,1
veganism,1
uptown,1
calculated,1
batterer,1
bubble,1
hill,1
intercollegiate,1
greensboro,1
rid,1
clashed,1
wisdom,1
highschool,1
forgot,1
righting,1
unfriendly,1
ricocheting,1
worldwide,1
intimacy,1
desihalal,1
column,1
ward,1
button,1
mujahideen,1
northwest,1
intake,1
targets,1
dave,1
rebuffed,1
crimeas,1
fillmore,1
cuny,1
shameless,1
hudsons,1
ang,1
hector,1
reverberations,1
southasian,1
davis,1
makeovers,1
slackers,1
governors,1
objection,1
enlisting,1
sovereignty,1
steam,1
unexpected,1
towns,1
chains,1
slated,1
weapons,1
multilevel,1
queensbridge,1
listener,1
cleanups,1
narrative,1
per,1
feliz,1
tweeted,1
filmmakers,1
republicanamerican,1
theyve,1
recall,1
boot,1
attitudes,1
appreciation,1
lite,1
watching,1
12000,1
randis,1
certification,1
mediator,1
unum,1
conventions,1
pipe,1
hockeys,1
lifestyle,1
truckers,1
determined,1
tenwatt,1
bolt,1
betrayals,1
itch,1
klezmer,1
barricades,1
aracelis,1
mines,1
wisla,1
wasabi,1
bedfordstuyvesant,1
ronnybrook,1
pickled,1
counsel,1
transman,1
ganesha,1
starpackers,1
tenafly,1
kaba,1
armenians,1
improvements,1
rosie,1
quilt,1
shirk,1
highest,1
limo,1
childlessness,1
maintaining,1
earlier,1
popularizing,1
moviemaking,1
sa,1
akcja,1
trenton,1
cripping,1
fashionor,1
edges,1
mercantilism,1
lever,1
selous,1
delegation,1
sores,1
expression,1
artisans,1
pavlo,1
steward,1
moran,1
replacing,1
lifetimes,1
kiki,1
granted,1
undertaker,1
climb,1
parentis,1
newarks,1
unsettled,1
oftolerance,1
rosenfelds,1
fools,1
shok,1
promotions,1
competence,1
walzer,1
devilish,1
specialized,1
bag,1
lockdown,1
read,1
patchwork,1
heavenly,1
embraces,1
argentines,1
pencil,1
translators,1
senegal,1
zoos,1
reparative,1
bankrolled,1
defeat,1
offshoring,1
blighted,1
alcalde,1
tutoring,1
ant,1
usmade,1
yemeni,1
103,1
wrongdoings,1
prestwood,1
displaced,1
metzdorfs,1
chilean,1
aggressively,1
convert,1
sew,1
salvador,1
windward,1
hairless,1
tsunami,1
trigger,1
2016,1
chaos,1
populism,1
jonathan,1
rebuilt,1
caryn,1
earns,1
kinder,1
slimming,1
unlevel,1
latex,1
shield,1
rudolph,1
switch,1
principal,1
transatlantic,1
marines,1
undefended,1
savings,1
fanomenon,1
mirage,1
damaged,1
narratives,1
fires,1
handguns,1
reservations,1
supported,1
posttruth,1
disharmony,1
scare,1
galleys,1
migdalia,1
sentencing,1
contessa,1
fouled,1
lou,1
womenowned,1
coyotes,1
pause,1
reconciles,1
costly,1
coliseum,1
apostasy,1
bonnie,1
nordpolitik,1
obsessive,1
remakes,1
fisherman,1
retraining,1
proves,1
dollbabies,1
retiring,1
powerless,1
twin,1
comfort,1
dibella,1
muxes,1
brielle,1
rip,1
birthing,1
shanghai,1
sociological,1
unsung,1
khat,1
café,1
applicant,1
eyewitnesses,1
cemeterys,1
ccrb,1
jane,1
zulu,1
irreparably,1
shamanism,1
inserting,1
wear,1
ebonian,1
collude,1
orpans,1
haitis,1
billiondollar,1
thesis,1
unfounded,1
initialcarving,1
providing,1
sensor,1
contingent,1
brokers,1
comprehensive,1
havent,1
royals,1
python,1
principles,1
stirs,1
seller,1
philosophy,1
muddy,1
barbershop,1
beets,1
starspangled,1
dilemmas,1
bhutan,1
homosexuals,1
dive,1
wa,1
mullaly,1
matin,1
followers,1
choking,1
demonstrating,1
disintegrating,1
compost,1
crucifixion,1
intense,1
outlawing,1
gross,1
drops,1
fortunate,1
homeschoolings,1
walter,1
bcaklash,1
jailed,1
benedict,1
greekamerican,1
pie,1
echoes,1
suspicion,1
andijan,1
balkan,1
superhuman,1
grimm,1
glitters,1
eighties,1
complexities,1
8,1
guyanese,1
longest,1
rhyming,1
british,1
archdioceses,1
lox,1
antarctica,1
paul,1
breach,1
wasted,1
wealthy,1
documented,1
ewomen,1
lamar,1
yelpcom,1
lazarus,1
cautionary,1
bookstore,1
communitydevelopment,1
import,1
irishamerican,1
beef,1
chair,1
eros,1
flooding,1
germanness,1
self,1
diner,1
pornography,1
enterprise,1
laser,1
battlefield,1
ritalin,1
watery,1
godcom,1
latanishas,1
writes,1
arduous,1
equipment,1
trademark,1
cartoonists,1
mistreated,1
barnes,1
arbuss,1
spencer,1
futile,1
selfinjure,1
extradition,1
ku,1
lobbying,1
bombay,1
stretchedout,1
zine,1
organist,1
tempo,1
debating,1
warfare,1
fifteenth,1
expat,1
digitally,1
decency,1
antitrafficking,1
webberites,1
raw,1
client,1
degrees,1
postcommunist,1
gaming,1
censoring,1
middlemen,1
rediscovers,1
pentecostal,1
epilepsy,1
cockfighting,1
alis,1
layups,1
fujian,1
ambivalent,1
fruition,1
woodstock,1
haitianamericans,1
waterbury,1
swept,1
audism,1
convict,1
downbeat,1
convention,1
zapotec,1
bar,1
judgment,1
mann,1
sommeliers,1
afrocentric,1
nigeria,1
democratizing,1
mindfulness,1
ends,1
acted,1
doomed,1
mar,1
accents,1
sansouci,1
discover,1
comedic,1
gracefully,1
sick,1
interestfree,1
antimodel,1
nydia,1
homeschooled,1
commercializing,1
relocation,1
jewishamerican,1
processing,1
madonnas,1
filing,1
makeup,1
racist,1
rea,1
celebrities,1
spurred,1
escort,1
e,1
initiations,1
confinement,1
cocaine,1
initial,1
concussion,1
parolee,1
noon,1
dethroned,1
enacted,1
opponents,1
patrol,1
speaker,1
accompanies,1
transforming,1
dropped,1
julavits,1
yogis,1
familicide,1
mongolian,1
ordered,1
bionic,1
rodriguezs,1
cocacola,1
quietly,1
wrongfully,1
vocational,1
juliet,1
crossdressing,1
gears,1
indigent,1
disneyland,1
252,1
soho,1
campaigning,1
tulanes,1
nurseries,1
emits,1
debutante,1
stacked,1
hardthe,1
infiltrating,1
pelo,1
eemans,1
719ths,1
childfree,1
provision,1
trirangelation,1
guideon,1
headed,1
longstanding,1
foie,1
penniless,1
rockheavy,1
redesign,1
oscars,1
comedian,1
scarpetta,1
goldfrank,1
philanthropy,1
cdroms,1
pigeon,1
divas,1
visiting,1
stealing,1
jw,1
courtrooms,1
maneri,1
sinatras,1
familiar,1
ptsd,1
curious,1
encircled,1
burst,1
flower,1
aspergers,1
checkmate,1
dayne,1
roisin,1
carfree,1
piecemeal,1
dealings,1
juggernaut,1
crimeridden,1
bombs,1
eliot,1
diet,1
stabbed,1
oneperson,1
psychadeliclooking,1
barbershops,1
programed,1
pyeongchang,1
motorcycling,1
nova,1
luring,1
kashmiri,1
uncertainties,1
argentine,1
tightened,1
regulate,1
subjects,1
stella,1
proven,1
poehlman,1
negotiators,1
stressed,1
clinicians,1
doomsday,1
buyers,1
spring,1
wouldnt,1
rubber,1
herbert,1
airlines,1
enlightenment,1
impulse,1
bittersweet,1
prominent,1
postpolio,1
landmarked,1
flourished,1
remix,1
survey,1
scotias,1
bully,1
chicago,1
eugenics,1
heartwood,1
wineries,1
es,1
bambaataa,1
apathy,1
cockroaches,1
aquaponics,1
doll,1
consignment,1
ditching,1
fernandez,1
penalizes,1
antivaccination,1
academia,1
seed,1
homedelivered,1
linen,1
beleson,1
canarsie,1
mariel,1
lockup,1
stray,1
establishment,1
confronted,1
positively,1
vegetarians,1
cloudy,1
bisexuals,1
reproduce,1
hiring,1
vital,1
storage,1
aggregation,1
elena,1
skyscrapers,1
bosnian,1
kpop,1
dotcoms,1
weighting,1
halo,1
fixing,1
toxins,1
ally,1
pose,1
wong,1
culturally,1
cruel,1
patrick,1
seventy,1
fogs,1
barrel,1
innovative,1
coffers,1
musics,1
succession,1
kindertransport,1
instructor,1
mafia,1
protective,1
cap,1
costal,1
yemen,1
winning,1
fraught,1
implement,1
boredom,1
ghb,1
ukranian,1
mess,1
resolution,1
worrying,1
recyling,1
voyage,1
bodybuilder,1
lehrer,1
grieve,1
boomtown,1
lumbar,1
mourns,1
cod,1
conviction,1
grange,1
burying,1
stilettos,1
rincon,1
candidate,1
liability,1
hypertext,1
blinding,1
character,1
grown,1
unholy,1
mccarthyism,1
amazing,1
enron,1
orpheus,1
humanizing,1
proliferation,1
uptowns,1
garvey,1
aca,1
hefner,1
leauge,1
casualties,1
benchmarks,1
immersive,1
tengo,1
hostesses,1
extremism,1
wendyloo,1
knee,1
18story,1
entombment,1
bookselling,1
circumcised,1
majors,1
floating,1
serenade,1
palestinianamericans,1
dudes,1
protesting,1
baalei,1
undone,1
smokers,1
mugabe,1
looms,1
burned,1
fentanyl,1
homeopathic,1
steven,1
jacobi,1
awful,1
microbe,1
frontline,1
lawbreakers,1
ulcerative,1
undesired,1
reinas,1
violating,1
moral,1
bnai,1
balk,1
listeners,1
jumper,1
rests,1
postderegulation,1
earthly,1
mosley,1
tarred,1
memphis,1
preanorexia,1
nasas,1
bastions,1
unplugged,1
contact,1
duo,1
safest,1
ampil,1
misrepresentation,1
fragmented,1
canes,1
messiahs,1
catandmouse,1
striving,1
afflicts,1
mouse,1
turban,1
eulogy,1
frazier,1
climbing,1
preschool,1
conrad,1
homemade,1
accessories,1
orchestras,1
aliyevs,1
kashmir,1
thai,1
abuses,1
als,1
instincts,1
prior,1
unravel,1
diagnostic,1
sunlight,1
linger,1
lindo,1
boots,1
atheists,1
cyclones,1
profited,1
versatility,1
supplements,1
catherine,1
hypnosis,1
shsat,1
tongue,1
larger,1
nonprofits,1
pleasures,1
emigration,1
waltz,1
injectable,1
carolee,1
antisemitism,1
eradication,1
email,1
philadelphias,1
cried,1
michigan,1
freetrade,1
vie,1
proving,1
standardized,1
salesman,1
eyega,1
travelers,1
realistic,1
flavor,1
studentbystudent,1
stores,1
usdas,1
unhappily,1
ecology,1
couple,1
zhirinovsky,1
odom,1
milgrom,1
redshirting,1
reader,1
mixedorientation,1
aristides,1
enters,1
fare,1
morning,1
macrobiotics,1
pulled,1
tanks,1
fries,1
holly,1
guided,1
deactivating,1
melanoma,1
lakes,1
photographs,1
sergey,1
scots,1
lows,1
pr,1
laureate,1
cervical,1
refocusing,1
gospel,1
dusted,1
doulas,1
disruption,1
gillibrands,1
vigil,1
craftsmen,1
hederman,1
cycles,1
pagan,1
exhusband,1
genetically,1
platform,1
automation,1
mounting,1
wetlands,1
hypertrophic,1
staff,1
clubland,1
foreclosed,1
needles,1
affording,1
amy,1
effort,1
chant,1
servitude,1
playgrounds,1
unionizing,1
awaiting,1
manea,1
abomination,1
racings,1
aged,1
lebov,1
yogi,1
combo,1
retreat,1
hinduism,1
sued,1
reunite,1
fraudulent,1
residences,1
unrest,1
slot,1
criminalizing,1
guardian,1
opened,1
muslimamerica,1
roshi,1
lebanon,1
stuntman,1
donors,1
genomics,1
restless,1
stuyvesant,1
engaging,1
studying,1
blurred,1
knife,1
wicket,1
topical,1
garments,1
swallow,1
bucks,1
corinthian,1
detentions,1
remind,1
yards,1
forensic,1
split,1
flee,1
risking,1
investments,1
scrabble,1
calmness,1
unnoticed,1
wily,1
pole,1
thimerosal,1
hofstra,1
reefer,1
nineteen,1
scandal,1
asinara,1
ecumenist,1
export,1
symbiote,1
transfuse,1
kk,1
regulated,1
crease,1
recover,1
academics,1
allegations,1
courtesy,1
philippine,1
separations,1
nick,1
drugstores,1
sandinista,1
emasculation,1
frustrated,1
arabisraeli,1
default,1
dribbling,1
striped,1
historys,1
paging,1
oxymorons,1
allens,1
imperatives,1
conquista,1
incentives,1
mismanaged,1
ipads,1
psychiatrist,1
disgrace,1
swingtown,1
disneyabc,1
meaty,1
strippers,1
passed,1
wreck,1
exotic,1
acupunctures,1
beep,1
sephardic,1
boils,1
underdogs,1
cow,1
cardena,1
england,1
brazucas,1
experts,1
miles,1
ballpark,1
thriving,1
lifers,1
bowl,1
megachurches,1
novelists,1
velázquez,1
suite,1
seesaw,1
adversity,1
anomaly,1
godless,1
moreï½,1
clarity,1
nortes,1
beer,1
staring,1
constructed,1
inch,1
blackmale,1
pianists,1
travail,1
firm,1
blessedin,1
legally,1
educations,1
occurring,1
malady,1
errors,1
womanrun,1
rapidly,1
olympus,1
cyprus,1
noncitizens,1
arsenic,1
filtration,1
15,1
complementary,1
developer,1
array,1
receive,1
notario,1
lethargy,1
skating,1
bomb,1
kumar,1
ministries,1
rookie,1
bibles,1
expectation,1
montefiore,1
headquarters,1
mahmoud,1
encouraged,1
storied,1
disillusions,1
belmonts,1
fixhow,1
adulteryand,1
boro,1
undamaged,1
bacteria,1
hipster,1
honduras,1
important,1
falafel,1
matches,1
vd,1
earch,1
revolutions,1
performanceenhancing,1
landmines,1
christine,1
estrogen,1
handing,1
teresas,1
karta,1
transforms,1
uriah,1
speaking,1
roland,1
unnamed,1
pabulum,1
sheep,1
sober,1
chicken,1
challenged,1
turtles,1
suppression,1
remote,1
sellers,1
4,1
studied,1
emotion,1
edward,1
sticky,1
excessive,1
afghanamerican,1
discriminate,1
doublemastectomy,1
bangladeshi,1
overexposed,1
enforcers,1
monolingual,1
euphoria,1
afro,1
defiant,1
pragmatic,1
substanceabusing,1
truest,1
pure,1
bigmoney,1
mouths,1
fetish,1
muskrats,1
vault,1
luc,1
webb,1
dirks,1
nationalist,1
underbelly,1
firemen,1
palette,1
sweep,1
laundering,1
strives,1
revitalize,1
verdict,1
warning,1
chalabi,1
agricultural,1
unmasked,1
brighteners,1
monitoring,1
hormonechanging,1
pitching,1
haircare,1
foreskins,1
beethoven,1
caper,1
scams,1
window,1
deceptive,1
denise,1
monique,1
disruptor,1
confessional,1
transsexual,1
mens,1
dispatches,1
festival,1
pouring,1
bodega,1
bazaar,1
theses,1
whirling,1
stickball,1
evades,1
repatriating,1
21,1
narcotics,1
physician,1
acronym,1
midwestern,1
farmer,1
attprmeu,1
funnels,1
rwandas,1
stones,1
mississippis,1
cybersecurity,1
toughesttoemploy,1
coptic,1
underwater,1
genteel,1
wouldbe,1
tlcs,1
launched,1
marginal,1
deprived,1
germs,1
benito,1
barrios,1
obstructed,1
reservoirs,1
pow,1
hcv,1
sara,1
loot,1
james,1
strictly,1
fiddlers,1
elusive,1
debunking,1
elves,1
heels,1
johnsonkim,1
cd,1
strikes,1
meredith,1
afrolatin,1
unclear,1
menopausal,1
gypped,1
gordon,1
mp3,1
wronged,1
biao,1
bulimia,1
vito,1
disguises,1
confidential,1
andrews,1
balkangypsy,1
oppose,1
countering,1
mixing,1
umpires,1
board,1
hallets,1
bosnia,1
conference,1
egypt,1
collect,1
noi,1
loneliness,1
maries,1
gayrabs,1
tumor,1
duplicity,1
treekiller,1
illprepared,1
lung,1
wrestlings,1
pavilion,1
hcahps,1
crowded,1
raised,1
underworld,1
prehpv,1
intentional,1
sold,1
brotherhood,1
pilots,1
fernando,1
agendas,1
fleischer,1
soughtafter,1
rebounding,1
roadblocks,1
pullman,1
trace,1
evolves,1
azerbaijan,1
favoring,1
phoenix,1
congregation,1
weirdest,1
animation,1
polyamorous,1
dutyfree,1
curtains,1
elidel,1
reintegration,1
waiter,1
condos,1
deathor,1
quantified,1
patriot,1
maid,1
teenager,1
supply,1
perform,1
loco,1
superhighway,1
surfaces,1
chicanas,1
kink,1
payment,1
skateboardings,1
rehabilitate,1
omnipresent,1
brightest,1
blessed,1
chavezs,1
ks,1
skilled,1
sexually,1
somalia,1
foreskin,1
rose,1
artfully,1
ipod,1
hale,1
autorepair,1
shameful,1
recipe,1
spiked,1
scourge,1
tobacco,1
cosmos,1
synthesizer,1
cradle,1
eritreans,1
scleroderma,1
permanency,1
farmingville,1
wagon,1
tastemakers,1
responders,1
gadfly,1
obsessions,1
foe,1
ascent,1
waywith,1
classic,1
wakes,1
bubbles,1
illustrate,1
toughing,1
seas,1
stamp,1
jacket,1
mister,1
farazmand,1
camels,1
achangin,1
riss,1
quidditch,1
1982,1
attractive,1
legmen,1
ellen,1
loads,1
mastering,1
haiti,1
keeps,1
merchandise,1
qurans,1
immigrate,1
plenty,1
monmouth,1
caregivers,1
skiing,1
retuning,1
roads,1
storytellers,1
twentyfirst,1
emigrants,1
preventative,1
oysters,1
sweepstakes,1
inadequate,1
aap,1
nannyhood,1
hardest,1
weep,1
sandhogs,1
cape,1
alliances,1
softening,1
exam,1
stranger,1
whitest,1
ahmad,1
dale,1
jon,1
stasi,1
thumbs,1
surfing,1
flourish,1
debated,1
twentysomething,1
reservists,1
virtually,1
psi,1
treads,1
eluding,1
offering,1
warp,1
doubt,1
hide,1
cambodian,1
grapple,1
intersectional,1
outpost,1
babes,1
cobblers,1
malestraight,1
fending,1
vladimir,1
manifestos,1
firing,1
chine,1
streetcar,1
conquered,1
marry,1
mtvs,1
dreamcatchers,1
contribute,1
wwwfromburmatonewyorkcom,1
picked,1
snakehead,1
petes,1
desperate,1
bombers,1
tiger,1
guys,1
waitresss,1
prominence,1
neutral,1
ok,1
deeply,1
cardiomyopathy,1
spread,1
jonas,1
thrilla,1
tabloidization,1
populist,1
environmentalists,1
revered,1
desegregation,1
condoms,1
majority,1
insideout,1
halls,1
nast,1
marrying,1
auditions,1
5,1
predominately,1
montauk,1
hypnos,1
critic,1
selfidentity,1
defines,1
ganges,1
reds,1
abrahams,1
psychologists,1
memoirists,1
reentry,1
pate,1
64,1
coup,1
easier,1
americanborn,1
tremont,1
marathoners,1
sumatran,1
cured,1
invasive,1
eczema,1
stunts,1
snapchat,1
oldtime,1
berneys,1
sewage,1
sidelined,1
albatrossonhudson,1
persistence,1
20062007,1
shrouded,1
peddler,1
kwan,1
allows,1
ebikes,1
crash,1
lifestyles,1
viewers,1
lethal,1
landlocked,1
infectious,1
faithfully,1
queensstyle,1
tromaville,1
pickup,1
femme,1
pipes,1
saddle,1
overnight,1
vidi,1
census,1
blackwashing,1
eritreaus,1
rush,1
bhaskar,1
constitutes,1
inspiring,1
worm,1
littleknown,1
example,1
aspiring,1
rotten,1
stuyevsant,1
biocontrol,1
deadline,1
giants,1
sequined,1
rasul,1
ngos,1
sculpture,1
duanegottfried,1
liminalist,1
aliyah,1
brooklynkingston,1
spectacular,1
perpetua,1
damages,1
xyz,1
hoarding,1
upperclasses,1
somehow,1
shurka,1
remake,1
glenn,1
disappears,1
hereafter,1
hayes,1
ross,1
reeds,1
panamanian,1
rural,1
raving,1
spun,1
blackfounded,1
sticks,1
feathers,1
paxil,1
interpreter,1
shoreline,1
shalt,1
governing,1
easily,1
overcome,1
aspects,1
indoor,1
seconds,1
genre,1
peertopeer,1
marinas,1
nigerias,1
accomplished,1
basra,1
haute,1
perception,1
charges,1
strategies,1
melamid,1
54,1
bait,1
asias,1
downanddirty,1
gras,1
uncover,1
wonders,1
righttolife,1
ogres,1
bleed,1
crock,1
studentsjournalisms,1
november,1
oddities,1
generate,1
atmosphere,1
precarious,1
thirteen,1
h1n1,1
strides,1
bilgi,1
spurting,1
draft,1
transmitting,1
unchartered,1
p0rocess,1
oceanthe,1
discourage,1
cosmopolitan,1
vici,1
kosher,1
magical,1
sue,1
designation,1
commuter,1
madrassa,1
prairie,1
cantando,1
becker,1
pearl,1
protopic,1
starcraft,1
renting,1
hail,1
ecuadorian,1
genovese,1
capitol,1
20s,1
renegades,1
malaise,1
preparing,1
tips,1
smallest,1
susidies,1
least,1
sicker,1
employment,1
skinhead,1
saddest,1
meow,1
skirttales,1
yeshivah,1
french,1
dent,1
revenge,1
regulator,1
wartime,1
deathrow,1
antipathy,1
precursors,1
collecting,1
pounds,1
sustainability,1
importance,1
pooled,1
behavior,1
theoretical,1
wrongs,1
vignettes,1
bored,1
zion,1
36year,1
plugged,1
reprise,1
politically,1
thorugh,1
shorakapok,1
vivir,1
neuroplasticity,1
indianamericans,1
sharecroppers,1
hugh,1
jeantet,1
salt,1
critique,1
micrometers,1
mate,1
vr,1
alliance,1
yorkbased,1
bhuntanese,1
housemoms,1
baggage,1
injury,1
palsy,1
solider,1
infections,1
plights,1
scarcity,1
mcaliskey,1
millionaires,1
catskills,1
kodaks,1
mindy,1
excess,1
unattached,1
spoonful,1
staffed,1
billions,1
impeachment,1
carmel,1
transparency,1
ruinthe,1
twothirds,1
leads,1
finished,1
conspicuous,1
cymatherapy,1
sandhya,1
fringes,1
jg,1
investor,1
medieval,1
eyewitness,1
trad,1
deconstructing,1
fuo,1
mile,1
generous,1
monastery,1
primetime,1
cheerleaders,1
vanishing,1
passes,1
italianamerican,1
anatomies,1
practitioner,1
amsterdam,1
movements,1
politeness,1
deadheads,1
ornery,1
cubans,1
cue,1
acceptable,1
dakar,1
stool,1
furries,1
bottles,1
intertwined,1
cop,1
sets,1
louisiana,1
ghanian,1
cmon,1
lapses,1
cameras,1
entombing,1
cinema,1
presumedconsent,1
influences,1
kyle,1
fractured,1
tow,1
19,1
diaries,1
bohemia,1
wim,1
treacherous,1
defined,1
surrogate,1
dowry,1
tanzanian,1
synchronized,1
golf,1
diary,1
vaping,1
masters,1
peril,1
swindle,1
enormous,1
verse,1
scents,1
consumerism,1
streetracing,1
planner,1
crises,1
millennialseven,1
fencers,1
rushdi,1
regina,1
headbanging,1
onto,1
tattoos,1
ran,1
selfesteem,1
tried,1
9,1
newsrooms,1
accept,1
opiates,1
saids,1
hinders,1
depleted,1
morality,1
distortion,1
loved,1
evacuee,1
ari,1
militant,1
